trace_id,event:adaptation_action@insert,event:adaptation_action@no-action,event:adaptation_action@skip,event:concept:name@A,event:concept:name@B,event:concept:name@C,event:concept:name@D,event:concept:name@E,event:concept:name@F,event:concept:name@I,event:concept:name@process end event,event:concept:name@process start event,event:event_name@A,event:event_name@B,event:event_name@C,event:event_name@D,event:event_name@E,event:event_name@F,event:event_name@I,event:event_name@process end event,event:event_name@process start event,event:trace_id,event:duration,event:start_weekday,event:@@case_index,event:resource,event:@@index,succession:concept:name@A#B,succession:concept:name@B#C,succession:concept:name@C#D,succession:concept:name@D#E,succession:concept:name@D#F,succession:concept:name@E#F,succession:concept:name@F#process end event,succession:concept:name@process end event#I,succession:concept:name@process start event#A,trace:cycle_time,adaptation_action
0,1,0,0,1,1,1,1,1,1,1,1,1,1,1,1,1,1,1,1,1,1,0,30.0,0,0,Inserted_Activity_resource,8,1,1,1,1,0,1,1,1,1,210.0,True
1,0,1,0,1,1,1,1,1,1,0,1,1,1,1,1,1,1,1,0,1,1,1,0.0,0,1,,16,1,1,1,1,0,1,1,0,1,220.0,True
2,0,0,1,1,1,1,1,0,1,0,1,1,1,1,1,1,0,1,0,1,1,10,0.0,0,2,,23,1,1,1,0,1,0,1,0,1,260.0,True
3,0,1,0,1,1,1,1,1,1,0,1,1,1,1,1,1,1,1,0,1,1,100,0.0,1,3,,31,1,1,1,1,0,1,1,0,1,240.0,True
4,0,1,0,1,1,1,1,1,1,0,1,1,1,1,1,1,1,1,0,1,1,101,0.0,1,4,,39,1,1,1,1,0,1,1,0,1,200.0,True
5,0,1,0,1,1,1,1,1,1,0,1,1,1,1,1,1,1,1,0,1,1,102,0.0,1,5,,47,1,1,1,1,0,1,1,0,1,220.0,True
6,0,1,0,1,1,1,1,1,1,0,1,1,1,1,1,1,1,1,0,1,1,103,0.0,1,6,,55,1,1,1,1,0,1,1,0,1,240.0,True
7,0,1,0,1,1,1,1,1,1,0,1,1,1,1,1,1,1,1,0,1,1,104,0.0,1,7,,63,1,1,1,1,0,1,1,0,1,220.0,True
8,0,1,0,1,1,1,1,1,1,0,1,1,1,1,1,1,1,1,0,1,1,105,0.0,1,8,,71,1,1,1,1,0,1,1,0,1,200.0,True
9,0,0,1,1,1,1,1,0,1,0,1,1,1,1,1,1,0,1,0,1,1,106,0.0,1,9,,78,1,1,1,0,1,0,1,0,1,240.0,True
10,0,0,1,1,1,1,1,0,1,0,1,1,1,1,1,1,0,1,0,1,1,107,0.0,2,10,,85,1,1,1,0,1,0,1,0,1,260.0,True
11,0,0,1,1,1,1,1,0,1,0,1,1,1,1,1,1,0,1,0,1,1,108,0.0,2,11,,92,1,1,1,0,1,0,1,0,1,1180.0,True
12,0,0,1,1,1,1,1,0,1,0,1,1,1,1,1,1,0,1,0,1,1,109,0.0,2,12,,99,1,1,1,0,1,0,1,0,1,1140.0,True
13,0,0,1,1,1,1,1,0,1,0,1,1,1,1,1,1,0,1,0,1,1,11,0.0,1,13,,106,1,1,1,0,1,0,1,0,1,1180.0,True
14,0,0,1,1,1,1,1,0,1,0,1,1,1,1,1,1,0,1,0,1,1,110,0.0,1,14,,113,1,1,1,0,1,0,1,0,1,260.0,True
15,0,1,0,1,1,1,1,1,1,0,1,1,1,1,1,1,1,1,0,1,1,111,0.0,1,15,,121,1,1,1,1,0,1,1,0,1,240.0,True
16,0,0,1,1,1,1,1,0,1,0,1,1,1,1,1,1,0,1,0,1,1,112,0.0,2,16,,128,1,1,1,0,1,0,1,0,1,1160.0,True
17,0,1,0,1,1,1,1,1,1,0,1,1,1,1,1,1,1,1,0,1,1,113,0.0,2,17,,136,1,1,1,1,0,1,1,0,1,220.0,True
18,0,1,0,1,1,1,1,1,1,0,1,1,1,1,1,1,1,1,0,1,1,114,0.0,2,18,,144,1,1,1,1,0,1,1,0,1,240.0,True
19,0,1,0,1,1,1,1,1,1,0,1,1,1,1,1,1,1,1,0,1,1,115,0.0,2,19,,152,1,1,1,1,0,1,1,0,1,220.0,True
20,0,1,0,1,1,1,1,1,1,0,1,1,1,1,1,1,1,1,0,1,1,116,0.0,2,20,,160,1,1,1,1,0,1,1,0,1,200.0,True
21,0,1,0,1,1,1,1,1,1,0,1,1,1,1,1,1,1,1,0,1,1,117,0.0,2,21,,168,1,1,1,1,0,1,1,0,1,240.0,True
22,0,0,1,1,1,1,1,0,1,0,1,1,1,1,1,1,0,1,0,1,1,118,0.0,2,22,,175,1,1,1,0,1,0,1,0,1,260.0,True
23,0,1,0,1,1,1,1,1,1,0,1,1,1,1,1,1,1,1,0,1,1,119,0.0,2,23,,183,1,1,1,1,0,1,1,0,1,220.0,True
24,0,0,1,1,1,1,1,0,1,0,1,1,1,1,1,1,0,1,0,1,1,12,0.0,1,24,,190,1,1,1,0,1,0,1,0,1,210.0,True
25,1,0,0,1,1,1,1,1,1,1,1,1,1,1,1,1,1,1,1,1,1,120,30.0,2,25,Inserted_Activity_resource,199,1,1,1,1,0,1,1,1,1,220.0,True
26,0,1,0,1,1,1,1,1,1,0,1,1,1,1,1,1,1,1,0,1,1,121,0.0,2,26,,207,1,1,1,1,0,1,1,0,1,260.0,True
27,0,0,1,1,1,1,1,0,1,0,1,1,1,1,1,1,0,1,0,1,1,122,0.0,2,27,,214,1,1,1,0,1,0,1,0,1,1200.0,True
28,0,0,1,1,1,1,1,0,1,0,1,1,1,1,1,1,0,1,0,1,1,123,0.0,3,28,,221,1,1,1,0,1,0,1,0,1,1160.0,True
29,0,0,1,1,1,1,1,0,1,0,1,1,1,1,1,1,0,1,0,1,1,124,0.0,3,29,,228,1,1,1,0,1,0,1,0,1,1180.0,True
30,0,0,1,1,1,1,1,0,1,0,1,1,1,1,1,1,0,1,0,1,1,125,0.0,3,30,,235,1,1,1,0,1,0,1,0,1,240.0,True
31,0,1,0,1,1,1,1,1,1,0,1,1,1,1,1,1,1,1,0,1,1,126,0.0,2,31,,243,1,1,1,1,0,1,1,0,1,220.0,True
32,0,1,0,1,1,1,1,1,1,0,1,1,1,1,1,1,1,1,0,1,1,127,0.0,2,32,,251,1,1,1,1,0,1,1,0,1,1160.0,True
33,0,0,1,1,1,1,1,0,1,0,1,1,1,1,1,1,0,1,0,1,1,128,0.0,3,33,,258,1,1,1,0,1,0,1,0,1,240.0,True
34,0,1,0,1,1,1,1,1,1,0,1,1,1,1,1,1,1,1,0,1,1,129,0.0,3,34,,266,1,1,1,1,0,1,1,0,1,260.0,True
35,0,0,1,1,1,1,1,0,1,0,1,1,1,1,1,1,0,1,0,1,1,13,0.0,1,35,,273,1,1,1,0,1,0,1,0,1,220.0,True
36,0,0,1,1,1,1,1,0,1,0,1,1,1,1,1,1,0,1,0,1,1,130,0.0,3,36,,280,1,1,1,0,1,0,1,0,1,210.0,True
37,0,1,0,1,1,1,1,1,1,0,1,1,1,1,1,1,1,1,0,1,1,131,0.0,3,37,,288,1,1,1,1,0,1,1,0,1,220.0,True
38,1,0,0,1,1,1,1,1,1,1,1,1,1,1,1,1,1,1,1,1,1,132,30.0,3,38,Inserted_Activity_resource,297,1,1,1,1,0,1,1,1,1,260.0,True
39,0,1,0,1,1,1,1,1,1,0,1,1,1,1,1,1,1,1,0,1,1,133,0.0,3,39,,305,1,1,1,1,0,1,1,0,1,240.0,True
40,0,0,1,1,1,1,1,0,1,0,1,1,1,1,1,1,0,1,0,1,1,134,0.0,3,40,,312,1,1,1,0,1,0,1,0,1,200.0,True
41,0,1,0,1,1,1,1,1,1,0,1,1,1,1,1,1,1,1,0,1,1,135,0.0,3,41,,320,1,1,1,1,0,1,1,0,1,220.0,True
42,0,1,0,1,1,1,1,1,1,0,1,1,1,1,1,1,1,1,0,1,1,136,0.0,3,42,,328,1,1,1,1,0,1,1,0,1,240.0,True
43,0,1,0,1,1,1,1,1,1,0,1,1,1,1,1,1,1,1,0,1,1,137,0.0,3,43,,336,1,1,1,1,0,1,1,0,1,1180.0,True
44,0,1,0,1,1,1,1,1,1,0,1,1,1,1,1,1,1,1,0,1,1,138,0.0,3,44,,344,1,1,1,1,0,1,1,0,1,1160.0,True
45,0,0,1,1,1,1,1,0,1,0,1,1,1,1,1,1,0,1,0,1,1,139,0.0,4,45,,351,1,1,1,0,1,0,1,0,1,1200.0,True
46,0,0,1,1,1,1,1,0,1,0,1,1,1,1,1,1,0,1,0,1,1,14,0.0,0,46,,358,1,1,1,0,1,0,1,0,1,260.0,True
47,0,0,1,1,1,1,1,0,1,0,1,1,1,1,1,1,0,1,0,1,1,140,0.0,4,47,,365,1,1,1,0,1,0,1,0,1,220.0,True
48,0,0,1,1,1,1,1,0,1,0,1,1,1,1,1,1,0,1,0,1,1,141,0.0,4,48,,372,1,1,1,0,1,0,1,0,1,1140.0,True
49,0,0,1,1,1,1,1,0,1,0,1,1,1,1,1,1,0,1,0,1,1,142,0.0,3,49,,379,1,1,1,0,1,0,1,0,1,220.0,True
50,0,1,0,1,1,1,1,1,1,0,1,1,1,1,1,1,1,1,0,1,1,143,0.0,3,50,,387,1,1,1,1,0,1,1,0,1,260.0,True
51,0,0,1,1,1,1,1,0,1,0,1,1,1,1,1,1,0,1,0,1,1,144,0.0,4,51,,394,1,1,1,0,1,0,1,0,1,240.0,True
52,0,1,0,1,1,1,1,1,1,0,1,1,1,1,1,1,1,1,0,1,1,145,0.0,4,52,,402,1,1,1,1,0,1,1,0,1,200.0,True
53,0,0,1,1,1,1,1,0,1,0,1,1,1,1,1,1,0,1,0,1,1,146,0.0,4,53,,409,1,1,1,0,1,0,1,0,1,220.0,True
54,0,1,0,1,1,1,1,1,1,0,1,1,1,1,1,1,1,1,0,1,1,147,0.0,4,54,,417,1,1,1,1,0,1,1,0,1,240.0,True
55,0,1,0,1,1,1,1,1,1,0,1,1,1,1,1,1,1,1,0,1,1,148,0.0,4,55,,425,1,1,1,1,0,1,1,0,1,220.0,True
56,0,1,0,1,1,1,1,1,1,0,1,1,1,1,1,1,1,1,0,1,1,149,0.0,4,56,,433,1,1,1,1,0,1,1,0,1,200.0,True
57,0,1,0,1,1,1,1,1,1,0,1,1,1,1,1,1,1,1,0,1,1,15,0.0,0,57,,441,1,1,1,1,0,1,1,0,1,240.0,True
58,0,1,0,1,1,1,1,1,1,0,1,1,1,1,1,1,1,1,0,1,1,150,0.0,4,58,,449,1,1,1,1,0,1,1,0,1,260.0,True
59,0,1,0,1,1,1,1,1,1,0,1,1,1,1,1,1,1,1,0,1,1,151,0.0,4,59,,457,1,1,1,1,0,1,1,0,1,1180.0,True
60,0,1,0,1,1,1,1,1,1,0,1,1,1,1,1,1,1,1,0,1,1,152,0.0,4,60,,465,1,1,1,1,0,1,1,0,1,1140.0,True
61,0,1,0,1,1,1,1,1,1,0,1,1,1,1,1,1,1,1,0,1,1,153,0.0,4,61,,473,1,1,1,1,0,1,1,0,1,1180.0,True
62,0,0,1,1,1,1,1,0,1,0,1,1,1,1,1,1,0,1,0,1,1,154,0.0,4,62,,480,1,1,1,0,1,0,1,0,1,260.0,True
63,0,0,1,1,1,1,1,0,1,0,1,1,1,1,1,1,0,1,0,1,1,155,0.0,0,63,,487,1,1,1,0,1,0,1,0,1,240.0,True
64,0,0,1,1,1,1,1,0,1,0,1,1,1,1,1,1,0,1,0,1,1,156,0.0,0,64,,494,1,1,1,0,1,0,1,0,1,1160.0,True
65,0,0,1,1,1,1,1,0,1,0,1,1,1,1,1,1,0,1,0,1,1,157,0.0,0,65,,501,1,1,1,0,1,0,1,0,1,220.0,True
66,0,0,1,1,1,1,1,0,1,0,1,1,1,1,1,1,0,1,0,1,1,158,0.0,4,66,,508,1,1,1,0,1,0,1,0,1,240.0,True
67,0,1,0,1,1,1,1,1,1,0,1,1,1,1,1,1,1,1,0,1,1,159,0.0,4,67,,516,1,1,1,1,0,1,1,0,1,220.0,True
68,0,0,1,1,1,1,1,0,1,0,1,1,1,1,1,1,0,1,0,1,1,16,0.0,1,68,,523,1,1,1,0,1,0,1,0,1,200.0,True
69,0,0,1,1,1,1,1,0,1,0,1,1,1,1,1,1,0,1,0,1,1,160,0.0,0,69,,530,1,1,1,0,1,0,1,0,1,240.0,True
70,0,1,0,1,1,1,1,1,1,0,1,1,1,1,1,1,1,1,0,1,1,161,0.0,0,70,,538,1,1,1,1,0,1,1,0,1,260.0,True
71,0,1,0,1,1,1,1,1,1,0,1,1,1,1,1,1,1,1,0,1,1,162,0.0,0,71,,546,1,1,1,1,0,1,1,0,1,220.0,True
72,0,1,0,1,1,1,1,1,1,0,1,1,1,1,1,1,1,1,0,1,1,163,0.0,0,72,,554,1,1,1,1,0,1,1,0,1,210.0,True
73,0,1,0,1,1,1,1,1,1,0,1,1,1,1,1,1,1,1,0,1,1,164,0.0,0,73,,562,1,1,1,1,0,1,1,0,1,220.0,True
74,0,1,0,1,1,1,1,1,1,0,1,1,1,1,1,1,1,1,0,1,1,165,0.0,0,74,,570,1,1,1,1,0,1,1,0,1,260.0,True
75,0,0,1,1,1,1,1,0,1,0,1,1,1,1,1,1,0,1,0,1,1,166,0.0,0,75,,577,1,1,1,0,1,0,1,0,1,4080.0,True
76,0,1,0,1,1,1,1,1,1,0,1,1,1,1,1,1,1,1,0,1,1,167,0.0,0,76,,585,1,1,1,1,0,1,1,0,1,4040.0,True
77,1,0,0,1,1,1,1,1,1,1,1,1,1,1,1,1,1,1,1,1,1,168,30.0,0,77,Inserted_Activity_resource,594,1,1,1,1,0,1,1,1,1,4060.0,True
78,0,1,0,1,1,1,1,1,1,0,1,1,1,1,1,1,1,1,0,1,1,169,0.0,0,78,,602,1,1,1,1,0,1,1,0,1,240.0,True
79,0,1,0,1,1,1,1,1,1,0,1,1,1,1,1,1,1,1,0,1,1,17,0.0,1,79,,610,1,1,1,1,0,1,1,0,1,220.0,True
80,0,0,1,1,1,1,1,0,1,0,1,1,1,1,1,1,0,1,0,1,1,170,0.0,0,80,,617,1,1,1,0,1,0,1,0,1,4040.0,True
81,0,0,1,1,1,1,1,0,1,0,1,1,1,1,1,1,0,1,0,1,1,171,0.0,1,81,,624,1,1,1,0,1,0,1,0,1,240.0,True
82,0,0,1,1,1,1,1,0,1,0,1,1,1,1,1,1,0,1,0,1,1,172,0.0,1,82,,631,1,1,1,0,1,0,1,0,1,260.0,True
83,0,0,1,1,1,1,1,0,1,0,1,1,1,1,1,1,0,1,0,1,1,173,0.0,1,83,,638,1,1,1,0,1,0,1,0,1,220.0,True
84,0,1,0,1,1,1,1,1,1,0,1,1,1,1,1,1,1,1,0,1,1,174,0.0,0,84,,646,1,1,1,1,0,1,1,0,1,210.0,True
85,0,1,0,1,1,1,1,1,1,0,1,1,1,1,1,1,1,1,0,1,1,175,0.0,0,85,,654,1,1,1,1,0,1,1,0,1,220.0,True
86,0,0,1,1,1,1,1,0,1,0,1,1,1,1,1,1,0,1,0,1,1,176,0.0,1,86,,661,1,1,1,0,1,0,1,0,1,260.0,True
87,0,1,0,1,1,1,1,1,1,0,1,1,1,1,1,1,1,1,0,1,1,177,0.0,1,87,,669,1,1,1,1,0,1,1,0,1,240.0,True
88,0,0,1,1,1,1,1,0,1,0,1,1,1,1,1,1,0,1,0,1,1,178,0.0,1,88,,676,1,1,1,0,1,0,1,0,1,200.0,True
89,0,1,0,1,1,1,1,1,1,0,1,1,1,1,1,1,1,1,0,1,1,179,0.0,1,89,,684,1,1,1,1,0,1,1,0,1,220.0,True
90,0,1,0,1,1,1,1,1,1,0,1,1,1,1,1,1,1,1,0,1,1,18,0.0,1,90,,692,1,1,1,1,0,1,1,0,1,240.0,True
91,1,0,0,1,1,1,1,1,1,1,1,1,1,1,1,1,1,1,1,1,1,180,30.0,1,91,Inserted_Activity_resource,701,1,1,1,1,0,1,1,1,1,1180.0,True
92,0,1,0,1,1,1,1,1,1,0,1,1,1,1,1,1,1,1,0,1,1,181,0.0,1,92,,709,1,1,1,1,0,1,1,0,1,1160.0,True
93,0,0,1,1,1,1,1,0,1,0,1,1,1,1,1,1,0,1,0,1,1,182,0.0,1,93,,716,1,1,1,0,1,0,1,0,1,1200.0,True
94,0,1,0,1,1,1,1,1,1,0,1,1,1,1,1,1,1,1,0,1,1,183,0.0,1,94,,724,1,1,1,1,0,1,1,0,1,260.0,True
95,0,1,0,1,1,1,1,1,1,0,1,1,1,1,1,1,1,1,0,1,1,184,0.0,1,95,,732,1,1,1,1,0,1,1,0,1,220.0,True
96,0,1,0,1,1,1,1,1,1,0,1,1,1,1,1,1,1,1,0,1,1,185,0.0,1,96,,740,1,1,1,1,0,1,1,0,1,1140.0,True
97,0,1,0,1,1,1,1,1,1,0,1,1,1,1,1,1,1,1,0,1,1,186,0.0,1,97,,748,1,1,1,1,0,1,1,0,1,220.0,True
98,0,0,1,1,1,1,1,0,1,0,1,1,1,1,1,1,0,1,0,1,1,187,0.0,2,98,,755,1,1,1,0,1,0,1,0,1,260.0,True
99,0,0,1,1,1,1,1,0,1,0,1,1,1,1,1,1,0,1,0,1,1,188,0.0,2,99,,762,1,1,1,0,1,0,1,0,1,240.0,True
100,0,0,1,1,1,1,1,0,1,0,1,1,1,1,1,1,0,1,0,1,1,189,0.0,2,100,,769,1,1,1,0,1,0,1,0,1,200.0,True
101,0,1,0,1,1,1,1,1,1,0,1,1,1,1,1,1,1,1,0,1,1,19,0.0,1,101,,777,1,1,1,1,0,1,1,0,1,220.0,True
102,0,0,1,1,1,1,1,0,1,0,1,1,1,1,1,1,0,1,0,1,1,190,0.0,1,102,,784,1,1,1,0,1,0,1,0,1,240.0,True
103,0,1,0,1,1,1,1,1,1,0,1,1,1,1,1,1,1,1,0,1,1,191,0.0,1,103,,792,1,1,1,1,0,1,1,0,1,220.0,True
104,0,0,1,1,1,1,1,0,1,0,1,1,1,1,1,1,0,1,0,1,1,192,0.0,2,104,,799,1,1,1,0,1,0,1,0,1,200.0,True
105,0,1,0,1,1,1,1,1,1,0,1,1,1,1,1,1,1,1,0,1,1,193,0.0,2,105,,807,1,1,1,1,0,1,1,0,1,240.0,True
106,0,0,1,1,1,1,1,0,1,0,1,1,1,1,1,1,0,1,0,1,1,194,0.0,2,106,,814,1,1,1,0,1,0,1,0,1,260.0,True
107,0,1,0,1,1,1,1,1,1,0,1,1,1,1,1,1,1,1,0,1,1,195,0.0,2,107,,822,1,1,1,1,0,1,1,0,1,1180.0,True
108,0,1,0,1,1,1,1,1,1,0,1,1,1,1,1,1,1,1,0,1,1,196,0.0,2,108,,830,1,1,1,1,0,1,1,0,1,1140.0,True
109,0,1,0,1,1,1,1,1,1,0,1,1,1,1,1,1,1,1,0,1,1,197,0.0,2,109,,838,1,1,1,1,0,1,1,0,1,1180.0,True
110,0,1,0,1,1,1,1,1,1,0,1,1,1,1,1,1,1,1,0,1,1,198,0.0,2,110,,846,1,1,1,1,0,1,1,0,1,260.0,True
111,0,1,0,1,1,1,1,1,1,0,1,1,1,1,1,1,1,1,0,1,1,199,0.0,2,111,,854,1,1,1,1,0,1,1,0,1,240.0,True
112,0,0,1,1,1,1,1,0,1,0,1,1,1,1,1,1,0,1,0,1,1,2,0.0,0,112,,861,1,1,1,0,1,0,1,0,1,1160.0,True
113,0,1,0,1,1,1,1,1,1,0,1,1,1,1,1,1,1,1,0,1,1,20,0.0,1,113,,869,1,1,1,1,0,1,1,0,1,220.0,True
114,0,1,0,1,1,1,1,1,1,0,1,1,1,1,1,1,1,1,0,1,1,200,0.0,2,114,,877,1,1,1,1,0,1,1,0,1,240.0,True
115,0,1,0,1,1,1,1,1,1,0,1,1,1,1,1,1,1,1,0,1,1,201,0.0,2,115,,885,1,1,1,1,0,1,1,0,1,220.0,True
116,0,0,1,1,1,1,1,0,1,0,1,1,1,1,1,1,0,1,0,1,1,202,0.0,2,116,,892,1,1,1,0,1,0,1,0,1,200.0,True
117,0,0,1,1,1,1,1,0,1,0,1,1,1,1,1,1,0,1,0,1,1,203,0.0,3,117,,899,1,1,1,0,1,0,1,0,1,240.0,True
118,0,0,1,1,1,1,1,0,1,0,1,1,1,1,1,1,0,1,0,1,1,204,0.0,3,118,,906,1,1,1,0,1,0,1,0,1,260.0,True
119,0,0,1,1,1,1,1,0,1,0,1,1,1,1,1,1,0,1,0,1,1,205,0.0,3,119,,913,1,1,1,0,1,0,1,0,1,220.0,True
120,0,0,1,1,1,1,1,0,1,0,1,1,1,1,1,1,0,1,0,1,1,206,0.0,2,120,,920,1,1,1,0,1,0,1,0,1,210.0,True
121,0,1,0,1,1,1,1,1,1,0,1,1,1,1,1,1,1,1,0,1,1,207,0.0,2,121,,928,1,1,1,1,0,1,1,0,1,220.0,True
122,0,0,1,1,1,1,1,0,1,0,1,1,1,1,1,1,0,1,0,1,1,208,0.0,3,122,,935,1,1,1,0,1,0,1,0,1,260.0,True
123,0,1,0,1,1,1,1,1,1,0,1,1,1,1,1,1,1,1,0,1,1,209,0.0,3,123,,943,1,1,1,1,0,1,1,0,1,1200.0,True
124,0,1,0,1,1,1,1,1,1,0,1,1,1,1,1,1,1,1,0,1,1,21,0.0,1,124,,951,1,1,1,1,0,1,1,0,1,1160.0,True
125,0,1,0,1,1,1,1,1,1,0,1,1,1,1,1,1,1,1,0,1,1,210,0.0,3,125,,959,1,1,1,1,0,1,1,0,1,1180.0,True
126,0,1,0,1,1,1,1,1,1,0,1,1,1,1,1,1,1,1,0,1,1,211,0.0,3,126,,967,1,1,1,1,0,1,1,0,1,240.0,True
127,0,1,0,1,1,1,1,1,1,0,1,1,1,1,1,1,1,1,0,1,1,212,0.0,3,127,,975,1,1,1,1,0,1,1,0,1,220.0,True
128,0,1,0,1,1,1,1,1,1,0,1,1,1,1,1,1,1,1,0,1,1,213,0.0,3,128,,983,1,1,1,1,0,1,1,0,1,1160.0,True
129,0,0,1,1,1,1,1,0,1,0,1,1,1,1,1,1,0,1,0,1,1,214,0.0,3,129,,990,1,1,1,0,1,0,1,0,1,240.0,True
130,0,1,0,1,1,1,1,1,1,0,1,1,1,1,1,1,1,1,0,1,1,215,0.0,3,130,,998,1,1,1,1,0,1,1,0,1,260.0,True
131,1,0,0,1,1,1,1,1,1,1,1,1,1,1,1,1,1,1,1,1,1,216,30.0,3,131,Inserted_Activity_resource,1007,1,1,1,1,0,1,1,1,1,220.0,True
132,0,1,0,1,1,1,1,1,1,0,1,1,1,1,1,1,1,1,0,1,1,217,0.0,3,132,,1015,1,1,1,1,0,1,1,0,1,210.0,True
133,0,0,1,1,1,1,1,0,1,0,1,1,1,1,1,1,0,1,0,1,1,218,0.0,3,133,,1022,1,1,1,0,1,0,1,0,1,220.0,True
134,0,0,1,1,1,1,1,0,1,0,1,1,1,1,1,1,0,1,0,1,1,219,0.0,4,134,,1029,1,1,1,0,1,0,1,0,1,260.0,True
135,0,0,1,1,1,1,1,0,1,0,1,1,1,1,1,1,0,1,0,1,1,22,0.0,1,135,,1036,1,1,1,0,1,0,1,0,1,240.0,True
136,0,0,1,1,1,1,1,0,1,0,1,1,1,1,1,1,0,1,0,1,1,220,0.0,4,136,,1043,1,1,1,0,1,0,1,0,1,200.0,True
137,0,0,1,1,1,1,1,0,1,0,1,1,1,1,1,1,0,1,0,1,1,221,0.0,4,137,,1050,1,1,1,0,1,0,1,0,1,220.0,True
138,0,1,0,1,1,1,1,1,1,0,1,1,1,1,1,1,1,1,0,1,1,222,0.0,3,138,,1058,1,1,1,1,0,1,1,0,1,240.0,True
139,0,1,0,1,1,1,1,1,1,0,1,1,1,1,1,1,1,1,0,1,1,223,0.0,3,139,,1066,1,1,1,1,0,1,1,0,1,1180.0,True
140,0,0,1,1,1,1,1,0,1,0,1,1,1,1,1,1,0,1,0,1,1,224,0.0,4,140,,1073,1,1,1,0,1,0,1,0,1,1160.0,True
141,0,1,0,1,1,1,1,1,1,0,1,1,1,1,1,1,1,1,0,1,1,225,0.0,4,141,,1081,1,1,1,1,0,1,1,0,1,1200.0,True
142,0,0,1,1,1,1,1,0,1,0,1,1,1,1,1,1,0,1,0,1,1,226,0.0,4,142,,1088,1,1,1,0,1,0,1,0,1,260.0,True
143,0,1,0,1,1,1,1,1,1,0,1,1,1,1,1,1,1,1,0,1,1,227,0.0,4,143,,1096,1,1,1,1,0,1,1,0,1,220.0,True
144,1,0,0,1,1,1,1,1,1,1,1,1,1,1,1,1,1,1,1,1,1,228,30.0,4,144,Inserted_Activity_resource,1105,1,1,1,1,0,1,1,1,1,1140.0,True
145,0,1,0,1,1,1,1,1,1,0,1,1,1,1,1,1,1,1,0,1,1,229,0.0,4,145,,1113,1,1,1,1,0,1,1,0,1,220.0,True
146,0,1,0,1,1,1,1,1,1,0,1,1,1,1,1,1,1,1,0,1,1,23,0.0,1,146,,1121,1,1,1,1,0,1,1,0,1,260.0,True
147,0,0,1,1,1,1,1,0,1,0,1,1,1,1,1,1,0,1,0,1,1,230,0.0,4,147,,1128,1,1,1,0,1,0,1,0,1,240.0,True
148,0,1,0,1,1,1,1,1,1,0,1,1,1,1,1,1,1,1,0,1,1,231,0.0,4,148,,1136,1,1,1,1,0,1,1,0,1,200.0,True
149,0,1,0,1,1,1,1,1,1,0,1,1,1,1,1,1,1,1,0,1,1,232,0.0,4,149,,1144,1,1,1,1,0,1,1,0,1,220.0,True
150,0,1,0,1,1,1,1,1,1,0,1,1,1,1,1,1,1,1,0,1,1,233,0.0,4,150,,1152,1,1,1,1,0,1,1,0,1,240.0,True
151,0,1,0,1,1,1,1,1,1,0,1,1,1,1,1,1,1,1,0,1,1,234,0.0,4,151,,1160,1,1,1,1,0,1,1,0,1,220.0,True
152,0,0,1,1,1,1,1,0,1,0,1,1,1,1,1,1,0,1,0,1,1,235,0.0,0,152,,1167,1,1,1,0,1,0,1,0,1,200.0,True
153,0,0,1,1,1,1,1,0,1,0,1,1,1,1,1,1,0,1,0,1,1,236,0.0,0,153,,1174,1,1,1,0,1,0,1,0,1,240.0,True
154,0,0,1,1,1,1,1,0,1,0,1,1,1,1,1,1,0,1,0,1,1,237,0.0,0,154,,1181,1,1,1,0,1,0,1,0,1,260.0,True
155,0,0,1,1,1,1,1,0,1,0,1,1,1,1,1,1,0,1,0,1,1,238,0.0,4,155,,1188,1,1,1,0,1,0,1,0,1,4060.0,True
156,0,1,0,1,1,1,1,1,1,0,1,1,1,1,1,1,1,1,0,1,1,239,0.0,4,156,,1196,1,1,1,1,0,1,1,0,1,4020.0,True
157,1,0,0,1,1,1,1,1,1,1,1,1,1,1,1,1,1,1,1,1,1,24,30.0,1,157,Inserted_Activity_resource,1205,1,1,1,1,0,1,1,1,1,4060.0,True
158,0,0,1,1,1,1,1,0,1,0,1,1,1,1,1,1,0,1,0,1,1,240,0.0,0,158,,1212,1,1,1,0,1,0,1,0,1,260.0,True
159,0,1,0,1,1,1,1,1,1,0,1,1,1,1,1,1,1,1,0,1,1,241,0.0,0,159,,1220,1,1,1,1,0,1,1,0,1,240.0,True
160,0,0,1,1,1,1,1,0,1,0,1,1,1,1,1,1,0,1,0,1,1,242,0.0,0,160,,1227,1,1,1,0,1,0,1,0,1,4040.0,True
161,0,1,0,1,1,1,1,1,1,0,1,1,1,1,1,1,1,1,0,1,1,243,0.0,0,161,,1235,1,1,1,1,0,1,1,0,1,220.0,True
162,0,1,0,1,1,1,1,1,1,0,1,1,1,1,1,1,1,1,0,1,1,244,0.0,0,162,,1243,1,1,1,1,0,1,1,0,1,240.0,True
163,0,1,0,1,1,1,1,1,1,0,1,1,1,1,1,1,1,1,0,1,1,245,0.0,0,163,,1251,1,1,1,1,0,1,1,0,1,220.0,True
164,0,1,0,1,1,1,1,1,1,0,1,1,1,1,1,1,1,1,0,1,1,246,0.0,0,164,,1259,1,1,1,1,0,1,1,0,1,200.0,True
165,0,1,0,1,1,1,1,1,1,0,1,1,1,1,1,1,1,1,0,1,1,247,0.0,0,165,,1267,1,1,1,1,0,1,1,0,1,240.0,True
166,0,1,0,1,1,1,1,1,1,0,1,1,1,1,1,1,1,1,0,1,1,248,0.0,0,166,,1275,1,1,1,1,0,1,1,0,1,260.0,True
167,0,1,0,1,1,1,1,1,1,0,1,1,1,1,1,1,1,1,0,1,1,249,0.0,0,167,,1283,1,1,1,1,0,1,1,0,1,220.0,True
168,0,1,0,1,1,1,1,1,1,0,1,1,1,1,1,1,1,1,0,1,1,25,0.0,1,168,,1291,1,1,1,1,0,1,1,0,1,210.0,True
169,0,0,1,1,1,1,1,0,1,0,1,1,1,1,1,1,0,1,0,1,1,250,0.0,0,169,,1298,1,1,1,0,1,0,1,0,1,220.0,True
170,0,0,1,1,1,1,1,0,1,0,1,1,1,1,1,1,0,1,0,1,1,251,0.0,1,170,,1305,1,1,1,0,1,0,1,0,1,260.0,True
171,0,0,1,1,1,1,1,0,1,0,1,1,1,1,1,1,0,1,0,1,1,252,0.0,1,171,,1312,1,1,1,0,1,0,1,0,1,1200.0,True
172,0,0,1,1,1,1,1,0,1,0,1,1,1,1,1,1,0,1,0,1,1,253,0.0,1,172,,1319,1,1,1,0,1,0,1,0,1,1160.0,True
173,0,0,1,1,1,1,1,0,1,0,1,1,1,1,1,1,0,1,0,1,1,254,0.0,0,173,,1326,1,1,1,0,1,0,1,0,1,1180.0,True
174,0,1,0,1,1,1,1,1,1,0,1,1,1,1,1,1,1,1,0,1,1,255,0.0,0,174,,1334,1,1,1,1,0,1,1,0,1,240.0,True
175,0,0,1,1,1,1,1,0,1,0,1,1,1,1,1,1,0,1,0,1,1,256,0.0,1,175,,1341,1,1,1,0,1,0,1,0,1,220.0,True
176,0,1,0,1,1,1,1,1,1,0,1,1,1,1,1,1,1,1,0,1,1,257,0.0,1,176,,1349,1,1,1,1,0,1,1,0,1,1160.0,True
177,0,1,0,1,1,1,1,1,1,0,1,1,1,1,1,1,1,1,0,1,1,258,0.0,1,177,,1357,1,1,1,1,0,1,1,0,1,240.0,True
178,0,1,0,1,1,1,1,1,1,0,1,1,1,1,1,1,1,1,0,1,1,259,0.0,1,178,,1365,1,1,1,1,0,1,1,0,1,260.0,True
179,0,0,1,1,1,1,1,0,1,0,1,1,1,1,1,1,0,1,0,1,1,26,0.0,1,179,,1372,1,1,1,0,1,0,1,0,1,220.0,True
180,0,1,0,1,1,1,1,1,1,0,1,1,1,1,1,1,1,1,0,1,1,260,0.0,1,180,,1380,1,1,1,1,0,1,1,0,1,210.0,True
181,0,1,0,1,1,1,1,1,1,0,1,1,1,1,1,1,1,1,0,1,1,261,0.0,1,181,,1388,1,1,1,1,0,1,1,0,1,220.0,True
182,0,0,1,1,1,1,1,0,1,0,1,1,1,1,1,1,0,1,0,1,1,262,0.0,1,182,,1395,1,1,1,0,1,0,1,0,1,260.0,True
183,0,1,0,1,1,1,1,1,1,0,1,1,1,1,1,1,1,1,0,1,1,263,0.0,1,183,,1403,1,1,1,1,0,1,1,0,1,240.0,True
184,1,0,0,1,1,1,1,1,1,1,1,1,1,1,1,1,1,1,1,1,1,264,30.0,1,184,Inserted_Activity_resource,1412,1,1,1,1,0,1,1,1,1,200.0,True
185,0,1,0,1,1,1,1,1,1,0,1,1,1,1,1,1,1,1,0,1,1,265,0.0,1,185,,1420,1,1,1,1,0,1,1,0,1,220.0,True
186,0,0,1,1,1,1,1,0,1,0,1,1,1,1,1,1,0,1,0,1,1,266,0.0,1,186,,1427,1,1,1,0,1,0,1,0,1,240.0,True
187,0,0,1,1,1,1,1,0,1,0,1,1,1,1,1,1,0,1,0,1,1,267,0.0,2,187,,1434,1,1,1,0,1,0,1,0,1,1180.0,True
188,0,0,1,1,1,1,1,0,1,0,1,1,1,1,1,1,0,1,0,1,1,268,0.0,2,188,,1441,1,1,1,0,1,0,1,0,1,1160.0,True
189,0,0,1,1,1,1,1,0,1,0,1,1,1,1,1,1,0,1,0,1,1,269,0.0,2,189,,1448,1,1,1,0,1,0,1,0,1,1200.0,True
190,0,0,1,1,1,1,1,0,1,0,1,1,1,1,1,1,0,1,0,1,1,27,0.0,2,190,,1455,1,1,1,0,1,0,1,0,1,260.0,True
191,0,1,0,1,1,1,1,1,1,0,1,1,1,1,1,1,1,1,0,1,1,270,0.0,1,191,,1463,1,1,1,1,0,1,1,0,1,220.0,True
192,0,1,0,1,1,1,1,1,1,0,1,1,1,1,1,1,1,1,0,1,1,271,0.0,1,192,,1471,1,1,1,1,0,1,1,0,1,1140.0,True
193,0,0,1,1,1,1,1,0,1,0,1,1,1,1,1,1,0,1,0,1,1,272,0.0,2,193,,1478,1,1,1,0,1,0,1,0,1,220.0,True
194,0,1,0,1,1,1,1,1,1,0,1,1,1,1,1,1,1,1,0,1,1,273,0.0,2,194,,1486,1,1,1,1,0,1,1,0,1,260.0,True
195,0,0,1,1,1,1,1,0,1,0,1,1,1,1,1,1,0,1,0,1,1,274,0.0,2,195,,1493,1,1,1,0,1,0,1,0,1,240.0,True
196,0,1,0,1,1,1,1,1,1,0,1,1,1,1,1,1,1,1,0,1,1,275,0.0,2,196,,1501,1,1,1,1,0,1,1,0,1,200.0,True
197,1,0,0,1,1,1,1,1,1,1,1,1,1,1,1,1,1,1,1,1,1,276,30.0,2,197,Inserted_Activity_resource,1510,1,1,1,1,0,1,1,1,1,220.0,True
198,0,1,0,1,1,1,1,1,1,0,1,1,1,1,1,1,1,1,0,1,1,277,0.0,2,198,,1518,1,1,1,1,0,1,1,0,1,240.0,True
199,0,0,1,1,1,1,1,0,1,0,1,1,1,1,1,1,0,1,0,1,1,278,0.0,2,199,,1525,1,1,1,0,1,0,1,0,1,220.0,True
200,0,1,0,1,1,1,1,1,1,0,1,1,1,1,1,1,1,1,0,1,1,279,0.0,2,200,,1533,1,1,1,1,0,1,1,0,1,200.0,True
201,0,0,1,1,1,1,1,0,1,0,1,1,1,1,1,1,0,1,0,1,1,28,0.0,2,201,,1540,1,1,1,0,1,0,1,0,1,240.0,True
202,0,1,0,1,1,1,1,1,1,0,1,1,1,1,1,1,1,1,0,1,1,280,0.0,2,202,,1548,1,1,1,1,0,1,1,0,1,260.0,True
203,0,1,0,1,1,1,1,1,1,0,1,1,1,1,1,1,1,1,0,1,1,281,0.0,2,203,,1556,1,1,1,1,0,1,1,0,1,1180.0,True
204,0,1,0,1,1,1,1,1,1,0,1,1,1,1,1,1,1,1,0,1,1,282,0.0,2,204,,1564,1,1,1,1,0,1,1,0,1,1140.0,True
205,0,0,1,1,1,1,1,0,1,0,1,1,1,1,1,1,0,1,0,1,1,283,0.0,3,205,,1571,1,1,1,0,1,0,1,0,1,1180.0,True
206,0,0,1,1,1,1,1,0,1,0,1,1,1,1,1,1,0,1,0,1,1,284,0.0,3,206,,1578,1,1,1,0,1,0,1,0,1,260.0,True
207,0,0,1,1,1,1,1,0,1,0,1,1,1,1,1,1,0,1,0,1,1,285,0.0,3,207,,1585,1,1,1,0,1,0,1,0,1,240.0,True
208,0,0,1,1,1,1,1,0,1,0,1,1,1,1,1,1,0,1,0,1,1,286,0.0,2,208,,1592,1,1,1,0,1,0,1,0,1,1160.0,True
209,0,1,0,1,1,1,1,1,1,0,1,1,1,1,1,1,1,1,0,1,1,287,0.0,2,209,,1600,1,1,1,1,0,1,1,0,1,220.0,True
210,0,0,1,1,1,1,1,0,1,0,1,1,1,1,1,1,0,1,0,1,1,288,0.0,3,210,,1607,1,1,1,0,1,0,1,0,1,240.0,True
211,0,1,0,1,1,1,1,1,1,0,1,1,1,1,1,1,1,1,0,1,1,289,0.0,3,211,,1615,1,1,1,1,0,1,1,0,1,220.0,True
212,0,0,1,1,1,1,1,0,1,0,1,1,1,1,1,1,0,1,0,1,1,29,0.0,2,212,,1622,1,1,1,0,1,0,1,0,1,200.0,True
213,0,0,1,1,1,1,1,0,1,0,1,1,1,1,1,1,0,1,0,1,1,290,0.0,3,213,,1629,1,1,1,0,1,0,1,0,1,240.0,True
214,0,1,0,1,1,1,1,1,1,0,1,1,1,1,1,1,1,1,0,1,1,291,0.0,3,214,,1637,1,1,1,1,0,1,1,0,1,260.0,True
215,0,1,0,1,1,1,1,1,1,0,1,1,1,1,1,1,1,1,0,1,1,292,0.0,3,215,,1645,1,1,1,1,0,1,1,0,1,220.0,True
216,0,1,0,1,1,1,1,1,1,0,1,1,1,1,1,1,1,1,0,1,1,293,0.0,3,216,,1653,1,1,1,1,0,1,1,0,1,210.0,True
217,0,1,0,1,1,1,1,1,1,0,1,1,1,1,1,1,1,1,0,1,1,294,0.0,3,217,,1661,1,1,1,1,0,1,1,0,1,220.0,True
218,0,1,0,1,1,1,1,1,1,0,1,1,1,1,1,1,1,1,0,1,1,295,0.0,3,218,,1669,1,1,1,1,0,1,1,0,1,260.0,True
219,0,1,0,1,1,1,1,1,1,0,1,1,1,1,1,1,1,1,0,1,1,296,0.0,3,219,,1677,1,1,1,1,0,1,1,0,1,1200.0,True
220,0,1,0,1,1,1,1,1,1,0,1,1,1,1,1,1,1,1,0,1,1,297,0.0,3,220,,1685,1,1,1,1,0,1,1,0,1,1160.0,True
221,0,0,1,1,1,1,1,0,1,0,1,1,1,1,1,1,0,1,0,1,1,298,0.0,3,221,,1692,1,1,1,0,1,0,1,0,1,1180.0,True
222,0,0,1,1,1,1,1,0,1,0,1,1,1,1,1,1,0,1,0,1,1,299,0.0,4,222,,1699,1,1,1,0,1,0,1,0,1,240.0,True
223,0,1,0,1,1,1,1,1,1,0,1,1,1,1,1,1,1,1,0,1,1,3,0.0,0,223,,1707,1,1,1,1,0,1,1,0,1,220.0,True
224,0,1,0,1,1,1,1,1,1,0,1,1,1,1,1,1,1,1,0,1,1,30,0.0,1,224,,1715,1,1,1,1,0,1,1,0,1,1160.0,True
225,0,0,1,1,1,1,1,0,1,0,1,1,1,1,1,1,0,1,0,1,1,300,0.0,4,225,,1722,1,1,1,0,1,0,1,0,1,240.0,True
226,0,0,1,1,1,1,1,0,1,0,1,1,1,1,1,1,0,1,0,1,1,301,0.0,4,226,,1729,1,1,1,0,1,0,1,0,1,260.0,True
227,0,0,1,1,1,1,1,0,1,0,1,1,1,1,1,1,0,1,0,1,1,302,0.0,3,227,,1736,1,1,1,0,1,0,1,0,1,220.0,True
228,0,1,0,1,1,1,1,1,1,0,1,1,1,1,1,1,1,1,0,1,1,303,0.0,3,228,,1744,1,1,1,1,0,1,1,0,1,210.0,True
229,0,0,1,1,1,1,1,0,1,0,1,1,1,1,1,1,0,1,0,1,1,304,0.0,4,229,,1751,1,1,1,0,1,0,1,0,1,220.0,True
230,0,1,0,1,1,1,1,1,1,0,1,1,1,1,1,1,1,1,0,1,1,305,0.0,4,230,,1759,1,1,1,1,0,1,1,0,1,260.0,True
231,0,1,0,1,1,1,1,1,1,0,1,1,1,1,1,1,1,1,0,1,1,306,0.0,4,231,,1767,1,1,1,1,0,1,1,0,1,240.0,True
232,0,1,0,1,1,1,1,1,1,0,1,1,1,1,1,1,1,1,0,1,1,307,0.0,4,232,,1775,1,1,1,1,0,1,1,0,1,200.0,True
233,0,1,0,1,1,1,1,1,1,0,1,1,1,1,1,1,1,1,0,1,1,308,0.0,4,233,,1783,1,1,1,1,0,1,1,0,1,220.0,True
234,0,1,0,1,1,1,1,1,1,0,1,1,1,1,1,1,1,1,0,1,1,309,0.0,4,234,,1791,1,1,1,1,0,1,1,0,1,240.0,True
235,0,1,0,1,1,1,1,1,1,0,1,1,1,1,1,1,1,1,0,1,1,31,0.0,1,235,,1799,1,1,1,1,0,1,1,0,1,4060.0,True
236,0,0,1,1,1,1,1,0,1,0,1,1,1,1,1,1,0,1,0,1,1,310,0.0,4,236,,1806,1,1,1,0,1,0,1,0,1,4040.0,True
237,0,1,0,1,1,1,1,1,1,0,1,1,1,1,1,1,1,1,0,1,1,311,0.0,4,237,,1814,1,1,1,1,0,1,1,0,1,4080.0,True
238,1,0,0,1,1,1,1,1,1,1,1,1,1,1,1,1,1,1,1,1,1,312,30.0,4,238,Inserted_Activity_resource,1823,1,1,1,1,0,1,1,1,1,260.0,True
239,0,1,0,1,1,1,1,1,1,0,1,1,1,1,1,1,1,1,0,1,1,313,0.0,4,239,,1831,1,1,1,1,0,1,1,0,1,220.0,True
240,0,0,1,1,1,1,1,0,1,0,1,1,1,1,1,1,0,1,0,1,1,314,0.0,4,240,,1838,1,1,1,0,1,0,1,0,1,4020.0,True
241,0,0,1,1,1,1,1,0,1,0,1,1,1,1,1,1,0,1,0,1,1,315,0.0,0,241,,1845,1,1,1,0,1,0,1,0,1,220.0,True
242,0,0,1,1,1,1,1,0,1,0,1,1,1,1,1,1,0,1,0,1,1,316,0.0,0,242,,1852,1,1,1,0,1,0,1,0,1,260.0,True
243,0,0,1,1,1,1,1,0,1,0,1,1,1,1,1,1,0,1,0,1,1,317,0.0,0,243,,1859,1,1,1,0,1,0,1,0,1,240.0,True
244,0,1,0,1,1,1,1,1,1,0,1,1,1,1,1,1,1,1,0,1,1,318,0.0,4,244,,1867,1,1,1,1,0,1,1,0,1,200.0,True
245,0,1,0,1,1,1,1,1,1,0,1,1,1,1,1,1,1,1,0,1,1,319,0.0,4,245,,1875,1,1,1,1,0,1,1,0,1,220.0,True
246,0,0,1,1,1,1,1,0,1,0,1,1,1,1,1,1,0,1,0,1,1,32,0.0,2,246,,1882,1,1,1,0,1,0,1,0,1,240.0,True
247,0,0,1,1,1,1,1,0,1,0,1,1,1,1,1,1,0,1,0,1,1,320,0.0,0,247,,1889,1,1,1,0,1,0,1,0,1,220.0,True
248,0,1,0,1,1,1,1,1,1,0,1,1,1,1,1,1,1,1,0,1,1,321,0.0,0,248,,1897,1,1,1,1,0,1,1,0,1,200.0,True
249,0,0,1,1,1,1,1,0,1,0,1,1,1,1,1,1,0,1,0,1,1,322,0.0,0,249,,1904,1,1,1,0,1,0,1,0,1,240.0,True
250,0,1,0,1,1,1,1,1,1,0,1,1,1,1,1,1,1,1,0,1,1,323,0.0,0,250,,1912,1,1,1,1,0,1,1,0,1,260.0,True
251,1,0,0,1,1,1,1,1,1,1,1,1,1,1,1,1,1,1,1,1,1,324,30.0,0,251,Inserted_Activity_resource,1921,1,1,1,1,0,1,1,1,1,1180.0,True
252,0,1,0,1,1,1,1,1,1,0,1,1,1,1,1,1,1,1,0,1,1,325,0.0,0,252,,1929,1,1,1,1,0,1,1,0,1,1140.0,True
253,0,0,1,1,1,1,1,0,1,0,1,1,1,1,1,1,0,1,0,1,1,326,0.0,0,253,,1936,1,1,1,0,1,0,1,0,1,1180.0,True
254,0,1,0,1,1,1,1,1,1,0,1,1,1,1,1,1,1,1,0,1,1,327,0.0,0,254,,1944,1,1,1,1,0,1,1,0,1,260.0,True
255,0,1,0,1,1,1,1,1,1,0,1,1,1,1,1,1,1,1,0,1,1,328,0.0,0,255,,1952,1,1,1,1,0,1,1,0,1,240.0,True
256,0,1,0,1,1,1,1,1,1,0,1,1,1,1,1,1,1,1,0,1,1,329,0.0,0,256,,1960,1,1,1,1,0,1,1,0,1,1160.0,True
257,0,1,0,1,1,1,1,1,1,0,1,1,1,1,1,1,1,1,0,1,1,33,0.0,2,257,,1968,1,1,1,1,0,1,1,0,1,220.0,True
258,0,1,0,1,1,1,1,1,1,0,1,1,1,1,1,1,1,1,0,1,1,330,0.0,0,258,,1976,1,1,1,1,0,1,1,0,1,240.0,True
259,0,0,1,1,1,1,1,0,1,0,1,1,1,1,1,1,0,1,0,1,1,331,0.0,1,259,,1983,1,1,1,0,1,0,1,0,1,220.0,True
260,0,0,1,1,1,1,1,0,1,0,1,1,1,1,1,1,0,1,0,1,1,332,0.0,1,260,,1990,1,1,1,0,1,0,1,0,1,200.0,True
261,0,0,1,1,1,1,1,0,1,0,1,1,1,1,1,1,0,1,0,1,1,333,0.0,1,261,,1997,1,1,1,0,1,0,1,0,1,240.0,True
262,0,0,1,1,1,1,1,0,1,0,1,1,1,1,1,1,0,1,0,1,1,334,0.0,0,262,,2004,1,1,1,0,1,0,1,0,1,260.0,True
263,0,1,0,1,1,1,1,1,1,0,1,1,1,1,1,1,1,1,0,1,1,335,0.0,0,263,,2012,1,1,1,1,0,1,1,0,1,220.0,True
264,0,0,1,1,1,1,1,0,1,0,1,1,1,1,1,1,0,1,0,1,1,336,0.0,1,264,,2019,1,1,1,0,1,0,1,0,1,210.0,True
265,0,1,0,1,1,1,1,1,1,0,1,1,1,1,1,1,1,1,0,1,1,337,0.0,1,265,,2027,1,1,1,1,0,1,1,0,1,220.0,True
266,0,0,1,1,1,1,1,0,1,0,1,1,1,1,1,1,0,1,0,1,1,338,0.0,1,266,,2034,1,1,1,0,1,0,1,0,1,260.0,True
267,0,1,0,1,1,1,1,1,1,0,1,1,1,1,1,1,1,1,0,1,1,339,0.0,1,267,,2042,1,1,1,1,0,1,1,0,1,1200.0,True
268,0,0,1,1,1,1,1,0,1,0,1,1,1,1,1,1,0,1,0,1,1,34,0.0,2,268,,2049,1,1,1,0,1,0,1,0,1,1160.0,True
269,0,1,0,1,1,1,1,1,1,0,1,1,1,1,1,1,1,1,0,1,1,340,0.0,1,269,,2057,1,1,1,1,0,1,1,0,1,1180.0,True
270,0,1,0,1,1,1,1,1,1,0,1,1,1,1,1,1,1,1,0,1,1,341,0.0,1,270,,2065,1,1,1,1,0,1,1,0,1,240.0,True
271,0,1,0,1,1,1,1,1,1,0,1,1,1,1,1,1,1,1,0,1,1,342,0.0,1,271,,2073,1,1,1,1,0,1,1,0,1,220.0,True
272,0,1,0,1,1,1,1,1,1,0,1,1,1,1,1,1,1,1,0,1,1,343,0.0,1,272,,2081,1,1,1,1,0,1,1,0,1,1160.0,True
273,0,1,0,1,1,1,1,1,1,0,1,1,1,1,1,1,1,1,0,1,1,344,0.0,1,273,,2089,1,1,1,1,0,1,1,0,1,240.0,True
274,0,1,0,1,1,1,1,1,1,0,1,1,1,1,1,1,1,1,0,1,1,345,0.0,1,274,,2097,1,1,1,1,0,1,1,0,1,260.0,True
275,0,0,1,1,1,1,1,0,1,0,1,1,1,1,1,1,0,1,0,1,1,346,0.0,1,275,,2104,1,1,1,0,1,0,1,0,1,220.0,True
276,0,0,1,1,1,1,1,0,1,0,1,1,1,1,1,1,0,1,0,1,1,347,0.0,2,276,,2111,1,1,1,0,1,0,1,0,1,210.0,True
277,0,0,1,1,1,1,1,0,1,0,1,1,1,1,1,1,0,1,0,1,1,348,0.0,2,277,,2118,1,1,1,0,1,0,1,0,1,220.0,True
278,0,0,1,1,1,1,1,0,1,0,1,1,1,1,1,1,0,1,0,1,1,349,0.0,2,278,,2125,1,1,1,0,1,0,1,0,1,260.0,True
279,0,1,0,1,1,1,1,1,1,0,1,1,1,1,1,1,1,1,0,1,1,35,0.0,2,279,,2133,1,1,1,1,0,1,1,0,1,240.0,True
280,0,0,1,1,1,1,1,0,1,0,1,1,1,1,1,1,0,1,0,1,1,350,0.0,1,280,,2140,1,1,1,0,1,0,1,0,1,200.0,True
281,0,1,0,1,1,1,1,1,1,0,1,1,1,1,1,1,1,1,0,1,1,351,0.0,1,281,,2148,1,1,1,1,0,1,1,0,1,220.0,True
282,0,0,1,1,1,1,1,0,1,0,1,1,1,1,1,1,0,1,0,1,1,352,0.0,2,282,,2155,1,1,1,0,1,0,1,0,1,240.0,True
283,0,1,0,1,1,1,1,1,1,0,1,1,1,1,1,1,1,1,0,1,1,353,0.0,2,283,,2163,1,1,1,1,0,1,1,0,1,1180.0,True
284,0,1,0,1,1,1,1,1,1,0,1,1,1,1,1,1,1,1,0,1,1,354,0.0,2,284,,2171,1,1,1,1,0,1,1,0,1,1160.0,True
285,0,1,0,1,1,1,1,1,1,0,1,1,1,1,1,1,1,1,0,1,1,355,0.0,2,285,,2179,1,1,1,1,0,1,1,0,1,1200.0,True
286,0,1,0,1,1,1,1,1,1,0,1,1,1,1,1,1,1,1,0,1,1,356,0.0,2,286,,2187,1,1,1,1,0,1,1,0,1,260.0,True
287,0,1,0,1,1,1,1,1,1,0,1,1,1,1,1,1,1,1,0,1,1,357,0.0,2,287,,2195,1,1,1,1,0,1,1,0,1,220.0,True
288,0,0,1,1,1,1,1,0,1,0,1,1,1,1,1,1,0,1,0,1,1,358,0.0,2,288,,2202,1,1,1,0,1,0,1,0,1,1140.0,True
289,0,1,0,1,1,1,1,1,1,0,1,1,1,1,1,1,1,1,0,1,1,359,0.0,2,289,,2210,1,1,1,1,0,1,1,0,1,220.0,True
290,1,0,0,1,1,1,1,1,1,1,1,1,1,1,1,1,1,1,1,1,1,36,30.0,2,290,Inserted_Activity_resource,2219,1,1,1,1,0,1,1,1,1,260.0,True
291,1,0,0,1,1,1,1,1,1,1,1,1,1,1,1,1,1,1,1,1,1,360,30.0,2,291,Inserted_Activity_resource,2228,1,1,1,1,0,1,1,1,1,240.0,True
292,0,1,0,1,1,1,1,1,1,0,1,1,1,1,1,1,1,1,0,1,1,361,0.0,2,292,,2236,1,1,1,1,0,1,1,0,1,200.0,True
293,0,0,1,1,1,1,1,0,1,0,1,1,1,1,1,1,0,1,0,1,1,362,0.0,2,293,,2243,1,1,1,0,1,0,1,0,1,220.0,True
294,0,0,1,1,1,1,1,0,1,0,1,1,1,1,1,1,0,1,0,1,1,363,0.0,3,294,,2250,1,1,1,0,1,0,1,0,1,240.0,True
295,0,0,1,1,1,1,1,0,1,0,1,1,1,1,1,1,0,1,0,1,1,364,0.0,3,295,,2257,1,1,1,0,1,0,1,0,1,220.0,True
296,0,0,1,1,1,1,1,0,1,0,1,1,1,1,1,1,0,1,0,1,1,365,0.0,3,296,,2264,1,1,1,0,1,0,1,0,1,200.0,True
297,0,1,0,1,1,1,1,1,1,0,1,1,1,1,1,1,1,1,0,1,1,366,0.0,2,297,,2272,1,1,1,1,0,1,1,0,1,240.0,True
298,0,1,0,1,1,1,1,1,1,0,1,1,1,1,1,1,1,1,0,1,1,367,0.0,2,298,,2280,1,1,1,1,0,1,1,0,1,260.0,True
299,0,0,1,1,1,1,1,0,1,0,1,1,1,1,1,1,0,1,0,1,1,368,0.0,3,299,,2287,1,1,1,0,1,0,1,0,1,1180.0,True
300,0,1,0,1,1,1,1,1,1,0,1,1,1,1,1,1,1,1,0,1,1,369,0.0,3,300,,2295,1,1,1,1,0,1,1,0,1,1140.0,True
301,0,1,0,1,1,1,1,1,1,0,1,1,1,1,1,1,1,1,0,1,1,37,0.0,2,301,,2303,1,1,1,1,0,1,1,0,1,1180.0,True
302,0,0,1,1,1,1,1,0,1,0,1,1,1,1,1,1,0,1,0,1,1,370,0.0,3,302,,2310,1,1,1,0,1,0,1,0,1,260.0,True
303,0,1,0,1,1,1,1,1,1,0,1,1,1,1,1,1,1,1,0,1,1,371,0.0,3,303,,2318,1,1,1,1,0,1,1,0,1,240.0,True
304,1,0,0,1,1,1,1,1,1,1,1,1,1,1,1,1,1,1,1,1,1,372,30.0,3,304,Inserted_Activity_resource,2327,1,1,1,1,0,1,1,1,1,1160.0,True
305,0,1,0,1,1,1,1,1,1,0,1,1,1,1,1,1,1,1,0,1,1,373,0.0,3,305,,2335,1,1,1,1,0,1,1,0,1,220.0,True
306,0,0,1,1,1,1,1,0,1,0,1,1,1,1,1,1,0,1,0,1,1,374,0.0,3,306,,2342,1,1,1,0,1,0,1,0,1,240.0,True
307,0,1,0,1,1,1,1,1,1,0,1,1,1,1,1,1,1,1,0,1,1,375,0.0,3,307,,2350,1,1,1,1,0,1,1,0,1,220.0,True
308,0,1,0,1,1,1,1,1,1,0,1,1,1,1,1,1,1,1,0,1,1,376,0.0,3,308,,2358,1,1,1,1,0,1,1,0,1,200.0,True
309,0,1,0,1,1,1,1,1,1,0,1,1,1,1,1,1,1,1,0,1,1,377,0.0,3,309,,2366,1,1,1,1,0,1,1,0,1,240.0,True
310,0,1,0,1,1,1,1,1,1,0,1,1,1,1,1,1,1,1,0,1,1,378,0.0,3,310,,2374,1,1,1,1,0,1,1,0,1,260.0,True
311,0,0,1,1,1,1,1,0,1,0,1,1,1,1,1,1,0,1,0,1,1,379,0.0,4,311,,2381,1,1,1,0,1,0,1,0,1,220.0,True
312,0,0,1,1,1,1,1,0,1,0,1,1,1,1,1,1,0,1,0,1,1,38,0.0,2,312,,2388,1,1,1,0,1,0,1,0,1,210.0,True
313,0,0,1,1,1,1,1,0,1,0,1,1,1,1,1,1,0,1,0,1,1,380,0.0,4,313,,2395,1,1,1,0,1,0,1,0,1,220.0,True
314,0,0,1,1,1,1,1,0,1,0,1,1,1,1,1,1,0,1,0,1,1,381,0.0,4,314,,2402,1,1,1,0,1,0,1,0,1,260.0,True
315,0,0,1,1,1,1,1,0,1,0,1,1,1,1,1,1,0,1,0,1,1,382,0.0,3,315,,2409,1,1,1,0,1,0,1,0,1,4080.0,True
316,0,1,0,1,1,1,1,1,1,0,1,1,1,1,1,1,1,1,0,1,1,383,0.0,3,316,,2417,1,1,1,1,0,1,1,0,1,4040.0,True
317,0,0,1,1,1,1,1,0,1,0,1,1,1,1,1,1,0,1,0,1,1,384,0.0,4,317,,2424,1,1,1,0,1,0,1,0,1,4060.0,True
318,0,1,0,1,1,1,1,1,1,0,1,1,1,1,1,1,1,1,0,1,1,385,0.0,4,318,,2432,1,1,1,1,0,1,1,0,1,240.0,True
319,0,0,1,1,1,1,1,0,1,0,1,1,1,1,1,1,0,1,0,1,1,386,0.0,4,319,,2439,1,1,1,0,1,0,1,0,1,220.0,True
320,0,1,0,1,1,1,1,1,1,0,1,1,1,1,1,1,1,1,0,1,1,387,0.0,4,320,,2447,1,1,1,1,0,1,1,0,1,4040.0,True
321,0,1,0,1,1,1,1,1,1,0,1,1,1,1,1,1,1,1,0,1,1,388,0.0,4,321,,2455,1,1,1,1,0,1,1,0,1,240.0,True
322,0,1,0,1,1,1,1,1,1,0,1,1,1,1,1,1,1,1,0,1,1,389,0.0,4,322,,2463,1,1,1,1,0,1,1,0,1,260.0,True
323,0,1,0,1,1,1,1,1,1,0,1,1,1,1,1,1,1,1,0,1,1,39,0.0,2,323,,2471,1,1,1,1,0,1,1,0,1,220.0,True
324,0,1,0,1,1,1,1,1,1,0,1,1,1,1,1,1,1,1,0,1,1,390,0.0,4,324,,2479,1,1,1,1,0,1,1,0,1,210.0,True
325,0,1,0,1,1,1,1,1,1,0,1,1,1,1,1,1,1,1,0,1,1,391,0.0,4,325,,2487,1,1,1,1,0,1,1,0,1,220.0,True
326,0,1,0,1,1,1,1,1,1,0,1,1,1,1,1,1,1,1,0,1,1,392,0.0,4,326,,2495,1,1,1,1,0,1,1,0,1,260.0,True
327,0,1,0,1,1,1,1,1,1,0,1,1,1,1,1,1,1,1,0,1,1,393,0.0,4,327,,2503,1,1,1,1,0,1,1,0,1,240.0,True
328,0,0,1,1,1,1,1,0,1,0,1,1,1,1,1,1,0,1,0,1,1,394,0.0,4,328,,2510,1,1,1,0,1,0,1,0,1,200.0,True
329,0,0,1,1,1,1,1,0,1,0,1,1,1,1,1,1,0,1,0,1,1,395,0.0,0,329,,2517,1,1,1,0,1,0,1,0,1,220.0,True
330,0,0,1,1,1,1,1,0,1,0,1,1,1,1,1,1,0,1,0,1,1,396,0.0,0,330,,2524,1,1,1,0,1,0,1,0,1,240.0,True
331,0,0,1,1,1,1,1,0,1,0,1,1,1,1,1,1,0,1,0,1,1,397,0.0,0,331,,2531,1,1,1,0,1,0,1,0,1,1180.0,True
332,0,0,1,1,1,1,1,0,1,0,1,1,1,1,1,1,0,1,0,1,1,398,0.0,4,332,,2538,1,1,1,0,1,0,1,0,1,1160.0,True
333,0,1,0,1,1,1,1,1,1,0,1,1,1,1,1,1,1,1,0,1,1,399,0.0,4,333,,2546,1,1,1,1,0,1,1,0,1,1200.0,True
334,0,1,0,1,1,1,1,1,1,0,1,1,1,1,1,1,1,1,0,1,1,4,0.0,0,334,,2554,1,1,1,1,0,1,1,0,1,260.0,True
335,0,1,0,1,1,1,1,1,1,0,1,1,1,1,1,1,1,1,0,1,1,40,0.0,2,335,,2562,1,1,1,1,0,1,1,0,1,220.0,True
336,0,0,1,1,1,1,1,0,1,0,1,1,1,1,1,1,0,1,0,1,1,400,0.0,0,336,,2569,1,1,1,0,1,0,1,0,1,1140.0,True
337,0,1,0,1,1,1,1,1,1,0,1,1,1,1,1,1,1,1,0,1,1,401,0.0,0,337,,2577,1,1,1,1,0,1,1,0,1,220.0,True
338,0,1,0,1,1,1,1,1,1,0,1,1,1,1,1,1,1,1,0,1,1,402,0.0,0,338,,2585,1,1,1,1,0,1,1,0,1,260.0,True
339,0,1,0,1,1,1,1,1,1,0,1,1,1,1,1,1,1,1,0,1,1,403,0.0,0,339,,2593,1,1,1,1,0,1,1,0,1,240.0,True
340,0,1,0,1,1,1,1,1,1,0,1,1,1,1,1,1,1,1,0,1,1,404,0.0,0,340,,2601,1,1,1,1,0,1,1,0,1,200.0,True
341,0,1,0,1,1,1,1,1,1,0,1,1,1,1,1,1,1,1,0,1,1,405,0.0,0,341,,2609,1,1,1,1,0,1,1,0,1,220.0,True
342,0,0,1,1,1,1,1,0,1,0,1,1,1,1,1,1,0,1,0,1,1,406,0.0,0,342,,2616,1,1,1,0,1,0,1,0,1,240.0,True
343,0,1,0,1,1,1,1,1,1,0,1,1,1,1,1,1,1,1,0,1,1,407,0.0,0,343,,2624,1,1,1,1,0,1,1,0,1,220.0,True
344,1,0,0,1,1,1,1,1,1,1,1,1,1,1,1,1,1,1,1,1,1,408,30.0,0,344,Inserted_Activity_resource,2633,1,1,1,1,0,1,1,1,1,200.0,True
345,0,1,0,1,1,1,1,1,1,0,1,1,1,1,1,1,1,1,0,1,1,409,0.0,0,345,,2641,1,1,1,1,0,1,1,0,1,240.0,True
346,0,1,0,1,1,1,1,1,1,0,1,1,1,1,1,1,1,1,0,1,1,41,0.0,2,346,,2649,1,1,1,1,0,1,1,0,1,260.0,True
347,0,0,1,1,1,1,1,0,1,0,1,1,1,1,1,1,0,1,0,1,1,410,0.0,0,347,,2656,1,1,1,0,1,0,1,0,1,1180.0,True
348,0,0,1,1,1,1,1,0,1,0,1,1,1,1,1,1,0,1,0,1,1,411,0.0,1,348,,2663,1,1,1,0,1,0,1,0,1,1140.0,True
349,0,0,1,1,1,1,1,0,1,0,1,1,1,1,1,1,0,1,0,1,1,412,0.0,1,349,,2670,1,1,1,0,1,0,1,0,1,1180.0,True
350,0,0,1,1,1,1,1,0,1,0,1,1,1,1,1,1,0,1,0,1,1,413,0.0,1,350,,2677,1,1,1,0,1,0,1,0,1,260.0,True
351,0,1,0,1,1,1,1,1,1,0,1,1,1,1,1,1,1,1,0,1,1,414,0.0,0,351,,2685,1,1,1,1,0,1,1,0,1,240.0,True
352,0,1,0,1,1,1,1,1,1,0,1,1,1,1,1,1,1,1,0,1,1,415,0.0,0,352,,2693,1,1,1,1,0,1,1,0,1,1160.0,True
353,0,0,1,1,1,1,1,0,1,0,1,1,1,1,1,1,0,1,0,1,1,416,0.0,1,353,,2700,1,1,1,0,1,0,1,0,1,220.0,True
354,0,1,0,1,1,1,1,1,1,0,1,1,1,1,1,1,1,1,0,1,1,417,0.0,1,354,,2708,1,1,1,1,0,1,1,0,1,240.0,True
355,0,0,1,1,1,1,1,0,1,0,1,1,1,1,1,1,0,1,0,1,1,418,0.0,1,355,,2715,1,1,1,0,1,0,1,0,1,220.0,True
356,0,1,0,1,1,1,1,1,1,0,1,1,1,1,1,1,1,1,0,1,1,419,0.0,1,356,,2723,1,1,1,1,0,1,1,0,1,200.0,True
357,0,1,0,1,1,1,1,1,1,0,1,1,1,1,1,1,1,1,0,1,1,42,0.0,2,357,,2731,1,1,1,1,0,1,1,0,1,240.0,True
358,1,0,0,1,1,1,1,1,1,1,1,1,1,1,1,1,1,1,1,1,1,420,30.0,1,358,Inserted_Activity_resource,2740,1,1,1,1,0,1,1,1,1,260.0,True
359,0,1,0,1,1,1,1,1,1,0,1,1,1,1,1,1,1,1,0,1,1,421,0.0,1,359,,2748,1,1,1,1,0,1,1,0,1,220.0,True
360,0,0,1,1,1,1,1,0,1,0,1,1,1,1,1,1,0,1,0,1,1,422,0.0,1,360,,2755,1,1,1,0,1,0,1,0,1,210.0,True
361,0,1,0,1,1,1,1,1,1,0,1,1,1,1,1,1,1,1,0,1,1,423,0.0,1,361,,2763,1,1,1,1,0,1,1,0,1,220.0,True
362,0,1,0,1,1,1,1,1,1,0,1,1,1,1,1,1,1,1,0,1,1,424,0.0,1,362,,2771,1,1,1,1,0,1,1,0,1,260.0,True
363,0,1,0,1,1,1,1,1,1,0,1,1,1,1,1,1,1,1,0,1,1,425,0.0,1,363,,2779,1,1,1,1,0,1,1,0,1,1200.0,True
364,0,1,0,1,1,1,1,1,1,0,1,1,1,1,1,1,1,1,0,1,1,426,0.0,1,364,,2787,1,1,1,1,0,1,1,0,1,1160.0,True
365,0,0,1,1,1,1,1,0,1,0,1,1,1,1,1,1,0,1,0,1,1,427,0.0,2,365,,2794,1,1,1,0,1,0,1,0,1,1180.0,True
366,0,0,1,1,1,1,1,0,1,0,1,1,1,1,1,1,0,1,0,1,1,428,0.0,2,366,,2801,1,1,1,0,1,0,1,0,1,240.0,True
367,0,0,1,1,1,1,1,0,1,0,1,1,1,1,1,1,0,1,0,1,1,429,0.0,2,367,,2808,1,1,1,0,1,0,1,0,1,220.0,True
368,0,0,1,1,1,1,1,0,1,0,1,1,1,1,1,1,0,1,0,1,1,43,0.0,3,368,,2815,1,1,1,0,1,0,1,0,1,1160.0,True
369,0,0,1,1,1,1,1,0,1,0,1,1,1,1,1,1,0,1,0,1,1,430,0.0,1,369,,2822,1,1,1,0,1,0,1,0,1,240.0,True
370,0,1,0,1,1,1,1,1,1,0,1,1,1,1,1,1,1,1,0,1,1,431,0.0,1,370,,2830,1,1,1,1,0,1,1,0,1,260.0,True
371,0,0,1,1,1,1,1,0,1,0,1,1,1,1,1,1,0,1,0,1,1,432,0.0,2,371,,2837,1,1,1,0,1,0,1,0,1,220.0,True
372,0,1,0,1,1,1,1,1,1,0,1,1,1,1,1,1,1,1,0,1,1,433,0.0,2,372,,2845,1,1,1,1,0,1,1,0,1,210.0,True
373,0,0,1,1,1,1,1,0,1,0,1,1,1,1,1,1,0,1,0,1,1,434,0.0,2,373,,2852,1,1,1,0,1,0,1,0,1,220.0,True
374,0,1,0,1,1,1,1,1,1,0,1,1,1,1,1,1,1,1,0,1,1,435,0.0,2,374,,2860,1,1,1,1,0,1,1,0,1,260.0,True
375,0,1,0,1,1,1,1,1,1,0,1,1,1,1,1,1,1,1,0,1,1,436,0.0,2,375,,2868,1,1,1,1,0,1,1,0,1,240.0,True
376,0,1,0,1,1,1,1,1,1,0,1,1,1,1,1,1,1,1,0,1,1,437,0.0,2,376,,2876,1,1,1,1,0,1,1,0,1,200.0,True
377,0,1,0,1,1,1,1,1,1,0,1,1,1,1,1,1,1,1,0,1,1,438,0.0,2,377,,2884,1,1,1,1,0,1,1,0,1,220.0,True
378,0,1,0,1,1,1,1,1,1,0,1,1,1,1,1,1,1,1,0,1,1,439,0.0,2,378,,2892,1,1,1,1,0,1,1,0,1,240.0,True
379,0,0,1,1,1,1,1,0,1,0,1,1,1,1,1,1,0,1,0,1,1,44,0.0,3,379,,2899,1,1,1,0,1,0,1,0,1,1180.0,True
380,0,1,0,1,1,1,1,1,1,0,1,1,1,1,1,1,1,1,0,1,1,440,0.0,2,380,,2907,1,1,1,1,0,1,1,0,1,1160.0,True
381,0,1,0,1,1,1,1,1,1,0,1,1,1,1,1,1,1,1,0,1,1,441,0.0,2,381,,2915,1,1,1,1,0,1,1,0,1,1200.0,True
382,0,0,1,1,1,1,1,0,1,0,1,1,1,1,1,1,0,1,0,1,1,442,0.0,2,382,,2922,1,1,1,0,1,0,1,0,1,260.0,True
383,0,0,1,1,1,1,1,0,1,0,1,1,1,1,1,1,0,1,0,1,1,443,0.0,3,383,,2929,1,1,1,0,1,0,1,0,1,220.0,True
384,0,0,1,1,1,1,1,0,1,0,1,1,1,1,1,1,0,1,0,1,1,444,0.0,3,384,,2936,1,1,1,0,1,0,1,0,1,1140.0,True
385,0,0,1,1,1,1,1,0,1,0,1,1,1,1,1,1,0,1,0,1,1,445,0.0,3,385,,2943,1,1,1,0,1,0,1,0,1,220.0,True
386,0,0,1,1,1,1,1,0,1,0,1,1,1,1,1,1,0,1,0,1,1,446,0.0,2,386,,2950,1,1,1,0,1,0,1,0,1,260.0,True
387,0,1,0,1,1,1,1,1,1,0,1,1,1,1,1,1,1,1,0,1,1,447,0.0,2,387,,2958,1,1,1,1,0,1,1,0,1,240.0,True
388,0,0,1,1,1,1,1,0,1,0,1,1,1,1,1,1,0,1,0,1,1,448,0.0,3,388,,2965,1,1,1,0,1,0,1,0,1,200.0,True
389,0,1,0,1,1,1,1,1,1,0,1,1,1,1,1,1,1,1,0,1,1,449,0.0,3,389,,2973,1,1,1,1,0,1,1,0,1,220.0,True
390,0,0,1,1,1,1,1,0,1,0,1,1,1,1,1,1,0,1,0,1,1,45,0.0,3,390,,2980,1,1,1,0,1,0,1,0,1,240.0,True
391,0,1,0,1,1,1,1,1,1,0,1,1,1,1,1,1,1,1,0,1,1,450,0.0,3,391,,2988,1,1,1,1,0,1,1,0,1,220.0,True
392,0,1,0,1,1,1,1,1,1,0,1,1,1,1,1,1,1,1,0,1,1,451,0.0,3,392,,2996,1,1,1,1,0,1,1,0,1,200.0,True
393,0,1,0,1,1,1,1,1,1,0,1,1,1,1,1,1,1,1,0,1,1,452,0.0,3,393,,3004,1,1,1,1,0,1,1,0,1,240.0,True
394,0,1,0,1,1,1,1,1,1,0,1,1,1,1,1,1,1,1,0,1,1,453,0.0,3,394,,3012,1,1,1,1,0,1,1,0,1,260.0,True
395,0,0,1,1,1,1,1,0,1,0,1,1,1,1,1,1,0,1,0,1,1,454,0.0,3,395,,3019,1,1,1,0,1,0,1,0,1,4060.0,True
396,0,1,0,1,1,1,1,1,1,0,1,1,1,1,1,1,1,1,0,1,1,455,0.0,3,396,,3027,1,1,1,1,0,1,1,0,1,4020.0,True
397,1,0,0,1,1,1,1,1,1,1,1,1,1,1,1,1,1,1,1,1,1,456,30.0,3,397,Inserted_Activity_resource,3036,1,1,1,1,0,1,1,1,1,4060.0,True
398,0,1,0,1,1,1,1,1,1,0,1,1,1,1,1,1,1,1,0,1,1,457,0.0,3,398,,3044,1,1,1,1,0,1,1,0,1,260.0,True
399,0,0,1,1,1,1,1,0,1,0,1,1,1,1,1,1,0,1,0,1,1,458,0.0,3,399,,3051,1,1,1,0,1,0,1,0,1,240.0,True
400,0,0,1,1,1,1,1,0,1,0,1,1,1,1,1,1,0,1,0,1,1,459,0.0,4,400,,3058,1,1,1,0,1,0,1,0,1,4040.0,True
401,0,0,1,1,1,1,1,0,1,0,1,1,1,1,1,1,0,1,0,1,1,46,0.0,2,401,,3065,1,1,1,0,1,0,1,0,1,220.0,True
402,0,0,1,1,1,1,1,0,1,0,1,1,1,1,1,1,0,1,0,1,1,460,0.0,4,402,,3072,1,1,1,0,1,0,1,0,1,240.0,True
403,0,0,1,1,1,1,1,0,1,0,1,1,1,1,1,1,0,1,0,1,1,461,0.0,4,403,,3079,1,1,1,0,1,0,1,0,1,220.0,True
404,0,1,0,1,1,1,1,1,1,0,1,1,1,1,1,1,1,1,0,1,1,462,0.0,3,404,,3087,1,1,1,1,0,1,1,0,1,200.0,True
405,0,1,0,1,1,1,1,1,1,0,1,1,1,1,1,1,1,1,0,1,1,463,0.0,3,405,,3095,1,1,1,1,0,1,1,0,1,240.0,True
406,0,0,1,1,1,1,1,0,1,0,1,1,1,1,1,1,0,1,0,1,1,464,0.0,4,406,,3102,1,1,1,0,1,0,1,0,1,260.0,True
407,0,1,0,1,1,1,1,1,1,0,1,1,1,1,1,1,1,1,0,1,1,465,0.0,4,407,,3110,1,1,1,1,0,1,1,0,1,220.0,True
408,0,0,1,1,1,1,1,0,1,0,1,1,1,1,1,1,0,1,0,1,1,466,0.0,4,408,,3117,1,1,1,0,1,0,1,0,1,210.0,True
409,0,1,0,1,1,1,1,1,1,0,1,1,1,1,1,1,1,1,0,1,1,467,0.0,4,409,,3125,1,1,1,1,0,1,1,0,1,220.0,True
410,1,0,0,1,1,1,1,1,1,1,1,1,1,1,1,1,1,1,1,1,1,468,30.0,4,410,Inserted_Activity_resource,3134,1,1,1,1,0,1,1,1,1,260.0,True
411,0,1,0,1,1,1,1,1,1,0,1,1,1,1,1,1,1,1,0,1,1,469,0.0,4,411,,3142,1,1,1,1,0,1,1,0,1,1200.0,True
412,0,1,0,1,1,1,1,1,1,0,1,1,1,1,1,1,1,1,0,1,1,47,0.0,2,412,,3150,1,1,1,1,0,1,1,0,1,1160.0,True
413,0,0,1,1,1,1,1,0,1,0,1,1,1,1,1,1,0,1,0,1,1,470,0.0,4,413,,3157,1,1,1,0,1,0,1,0,1,1180.0,True
414,0,1,0,1,1,1,1,1,1,0,1,1,1,1,1,1,1,1,0,1,1,471,0.0,4,414,,3165,1,1,1,1,0,1,1,0,1,240.0,True
415,0,1,0,1,1,1,1,1,1,0,1,1,1,1,1,1,1,1,0,1,1,472,0.0,4,415,,3173,1,1,1,1,0,1,1,0,1,220.0,True
416,0,1,0,1,1,1,1,1,1,0,1,1,1,1,1,1,1,1,0,1,1,473,0.0,4,416,,3181,1,1,1,1,0,1,1,0,1,1160.0,True
417,0,1,0,1,1,1,1,1,1,0,1,1,1,1,1,1,1,1,0,1,1,474,0.0,4,417,,3189,1,1,1,1,0,1,1,0,1,240.0,True
418,0,0,1,1,1,1,1,0,1,0,1,1,1,1,1,1,0,1,0,1,1,475,0.0,0,418,,3196,1,1,1,0,1,0,1,0,1,260.0,True
419,0,0,1,1,1,1,1,0,1,0,1,1,1,1,1,1,0,1,0,1,1,476,0.0,0,419,,3203,1,1,1,0,1,0,1,0,1,220.0,True
420,0,0,1,1,1,1,1,0,1,0,1,1,1,1,1,1,0,1,0,1,1,477,0.0,0,420,,3210,1,1,1,0,1,0,1,0,1,210.0,True
421,0,0,1,1,1,1,1,0,1,0,1,1,1,1,1,1,0,1,0,1,1,478,0.0,4,421,,3217,1,1,1,0,1,0,1,0,1,220.0,True
422,0,1,0,1,1,1,1,1,1,0,1,1,1,1,1,1,1,1,0,1,1,479,0.0,4,422,,3225,1,1,1,1,0,1,1,0,1,260.0,True
423,0,0,1,1,1,1,1,0,1,0,1,1,1,1,1,1,0,1,0,1,1,48,0.0,3,423,,3232,1,1,1,0,1,0,1,0,1,240.0,True
424,0,0,1,1,1,1,1,0,1,0,1,1,1,1,1,1,0,1,0,1,1,480,0.0,0,424,,3239,1,1,1,0,1,0,1,0,1,200.0,True
425,0,1,0,1,1,1,1,1,1,0,1,1,1,1,1,1,1,1,0,1,1,481,0.0,0,425,,3247,1,1,1,1,0,1,1,0,1,220.0,True
426,0,0,1,1,1,1,1,0,1,0,1,1,1,1,1,1,0,1,0,1,1,482,0.0,0,426,,3254,1,1,1,0,1,0,1,0,1,240.0,True
427,0,1,0,1,1,1,1,1,1,0,1,1,1,1,1,1,1,1,0,1,1,483,0.0,0,427,,3262,1,1,1,1,0,1,1,0,1,1180.0,True
428,0,1,0,1,1,1,1,1,1,0,1,1,1,1,1,1,1,1,0,1,1,484,0.0,0,428,,3270,1,1,1,1,0,1,1,0,1,1160.0,True
429,0,1,0,1,1,1,1,1,1,0,1,1,1,1,1,1,1,1,0,1,1,485,0.0,0,429,,3278,1,1,1,1,0,1,1,0,1,1200.0,True
430,0,1,0,1,1,1,1,1,1,0,1,1,1,1,1,1,1,1,0,1,1,486,0.0,0,430,,3286,1,1,1,1,0,1,1,0,1,260.0,True
431,0,1,0,1,1,1,1,1,1,0,1,1,1,1,1,1,1,1,0,1,1,487,0.0,0,431,,3294,1,1,1,1,0,1,1,0,1,220.0,True
432,0,1,0,1,1,1,1,1,1,0,1,1,1,1,1,1,1,1,0,1,1,488,0.0,0,432,,3302,1,1,1,1,0,1,1,0,1,1140.0,True
433,0,1,0,1,1,1,1,1,1,0,1,1,1,1,1,1,1,1,0,1,1,489,0.0,0,433,,3310,1,1,1,1,0,1,1,0,1,220.0,True
434,0,1,0,1,1,1,1,1,1,0,1,1,1,1,1,1,1,1,0,1,1,49,0.0,3,434,,3318,1,1,1,1,0,1,1,0,1,260.0,True
435,0,0,1,1,1,1,1,0,1,0,1,1,1,1,1,1,0,1,0,1,1,490,0.0,0,435,,3325,1,1,1,0,1,0,1,0,1,240.0,True
436,0,0,1,1,1,1,1,0,1,0,1,1,1,1,1,1,0,1,0,1,1,491,0.0,1,436,,3332,1,1,1,0,1,0,1,0,1,200.0,True
437,0,0,1,1,1,1,1,0,1,0,1,1,1,1,1,1,0,1,0,1,1,492,0.0,1,437,,3339,1,1,1,0,1,0,1,0,1,220.0,True
438,0,0,1,1,1,1,1,0,1,0,1,1,1,1,1,1,0,1,0,1,1,493,0.0,1,438,,3346,1,1,1,0,1,0,1,0,1,240.0,True
439,0,0,1,1,1,1,1,0,1,0,1,1,1,1,1,1,0,1,0,1,1,494,0.0,0,439,,3353,1,1,1,0,1,0,1,0,1,220.0,True
440,0,1,0,1,1,1,1,1,1,0,1,1,1,1,1,1,1,1,0,1,1,495,0.0,0,440,,3361,1,1,1,1,0,1,1,0,1,200.0,True
441,0,0,1,1,1,1,1,0,1,0,1,1,1,1,1,1,0,1,0,1,1,496,0.0,1,441,,3368,1,1,1,0,1,0,1,0,1,240.0,True
442,0,1,0,1,1,1,1,1,1,0,1,1,1,1,1,1,1,1,0,1,1,497,0.0,1,442,,3376,1,1,1,1,0,1,1,0,1,260.0,True
443,0,1,0,1,1,1,1,1,1,0,1,1,1,1,1,1,1,1,0,1,1,498,0.0,1,443,,3384,1,1,1,1,0,1,1,0,1,1180.0,True
444,0,1,0,1,1,1,1,1,1,0,1,1,1,1,1,1,1,1,0,1,1,499,0.0,1,444,,3392,1,1,1,1,0,1,1,0,1,1140.0,True
445,0,1,0,1,1,1,1,1,1,0,1,1,1,1,1,1,1,1,0,1,1,5,0.0,0,445,,3400,1,1,1,1,0,1,1,0,1,1180.0,True
446,0,0,1,1,1,1,1,0,1,0,1,1,1,1,1,1,0,1,0,1,1,50,0.0,3,446,,3407,1,1,1,0,1,0,1,0,1,260.0,True
447,0,1,0,1,1,1,1,1,1,0,1,1,1,1,1,1,1,1,0,1,1,500,0.0,1,447,,3415,1,1,1,1,0,1,1,0,1,240.0,True
448,0,1,0,1,1,1,1,1,1,0,1,1,1,1,1,1,1,1,0,1,1,501,0.0,1,448,,3423,1,1,1,1,0,1,1,0,1,1160.0,True
449,0,0,1,1,1,1,1,0,1,0,1,1,1,1,1,1,0,1,0,1,1,502,0.0,1,449,,3430,1,1,1,0,1,0,1,0,1,220.0,True
450,0,1,0,1,1,1,1,1,1,0,1,1,1,1,1,1,1,1,0,1,1,503,0.0,1,450,,3438,1,1,1,1,0,1,1,0,1,240.0,True
451,1,0,0,1,1,1,1,1,1,1,1,1,1,1,1,1,1,1,1,1,1,504,30.0,1,451,Inserted_Activity_resource,3447,1,1,1,1,0,1,1,1,1,220.0,True
452,0,1,0,1,1,1,1,1,1,0,1,1,1,1,1,1,1,1,0,1,1,505,0.0,1,452,,3455,1,1,1,1,0,1,1,0,1,200.0,True
453,0,0,1,1,1,1,1,0,1,0,1,1,1,1,1,1,0,1,0,1,1,506,0.0,1,453,,3462,1,1,1,0,1,0,1,0,1,240.0,True
454,0,0,1,1,1,1,1,0,1,0,1,1,1,1,1,1,0,1,0,1,1,507,0.0,2,454,,3469,1,1,1,0,1,0,1,0,1,260.0,True
455,0,0,1,1,1,1,1,0,1,0,1,1,1,1,1,1,0,1,0,1,1,508,0.0,2,455,,3476,1,1,1,0,1,0,1,0,1,220.0,True
456,0,0,1,1,1,1,1,0,1,0,1,1,1,1,1,1,0,1,0,1,1,509,0.0,2,456,,3483,1,1,1,0,1,0,1,0,1,210.0,True
457,0,1,0,1,1,1,1,1,1,0,1,1,1,1,1,1,1,1,0,1,1,51,0.0,3,457,,3491,1,1,1,1,0,1,1,0,1,220.0,True
458,0,1,0,1,1,1,1,1,1,0,1,1,1,1,1,1,1,1,0,1,1,510,0.0,1,458,,3499,1,1,1,1,0,1,1,0,1,260.0,True
459,0,1,0,1,1,1,1,1,1,0,1,1,1,1,1,1,1,1,0,1,1,511,0.0,1,459,,3507,1,1,1,1,0,1,1,0,1,1200.0,True
460,0,0,1,1,1,1,1,0,1,0,1,1,1,1,1,1,0,1,0,1,1,512,0.0,2,460,,3514,1,1,1,0,1,0,1,0,1,1160.0,True
461,0,1,0,1,1,1,1,1,1,0,1,1,1,1,1,1,1,1,0,1,1,513,0.0,2,461,,3522,1,1,1,1,0,1,1,0,1,1180.0,True
462,0,0,1,1,1,1,1,0,1,0,1,1,1,1,1,1,0,1,0,1,1,514,0.0,2,462,,3529,1,1,1,0,1,0,1,0,1,240.0,True
463,0,1,0,1,1,1,1,1,1,0,1,1,1,1,1,1,1,1,0,1,1,515,0.0,2,463,,3537,1,1,1,1,0,1,1,0,1,220.0,True
464,1,0,0,1,1,1,1,1,1,1,1,1,1,1,1,1,1,1,1,1,1,516,30.0,2,464,Inserted_Activity_resource,3546,1,1,1,1,0,1,1,1,1,1160.0,True
465,0,1,0,1,1,1,1,1,1,0,1,1,1,1,1,1,1,1,0,1,1,517,0.0,2,465,,3554,1,1,1,1,0,1,1,0,1,240.0,True
466,0,0,1,1,1,1,1,0,1,0,1,1,1,1,1,1,0,1,0,1,1,518,0.0,2,466,,3561,1,1,1,0,1,0,1,0,1,260.0,True
467,0,1,0,1,1,1,1,1,1,0,1,1,1,1,1,1,1,1,0,1,1,519,0.0,2,467,,3569,1,1,1,1,0,1,1,0,1,220.0,True
468,0,1,0,1,1,1,1,1,1,0,1,1,1,1,1,1,1,1,0,1,1,52,0.0,3,468,,3577,1,1,1,1,0,1,1,0,1,210.0,True
469,0,1,0,1,1,1,1,1,1,0,1,1,1,1,1,1,1,1,0,1,1,520,0.0,2,469,,3585,1,1,1,1,0,1,1,0,1,220.0,True
470,0,1,0,1,1,1,1,1,1,0,1,1,1,1,1,1,1,1,0,1,1,521,0.0,2,470,,3593,1,1,1,1,0,1,1,0,1,260.0,True
471,0,1,0,1,1,1,1,1,1,0,1,1,1,1,1,1,1,1,0,1,1,522,0.0,2,471,,3601,1,1,1,1,0,1,1,0,1,240.0,True
472,0,0,1,1,1,1,1,0,1,0,1,1,1,1,1,1,0,1,0,1,1,523,0.0,3,472,,3608,1,1,1,0,1,0,1,0,1,200.0,True
473,0,0,1,1,1,1,1,0,1,0,1,1,1,1,1,1,0,1,0,1,1,524,0.0,3,473,,3615,1,1,1,0,1,0,1,0,1,220.0,True
474,0,0,1,1,1,1,1,0,1,0,1,1,1,1,1,1,0,1,0,1,1,525,0.0,3,474,,3622,1,1,1,0,1,0,1,0,1,240.0,True
475,0,0,1,1,1,1,1,0,1,0,1,1,1,1,1,1,0,1,0,1,1,526,0.0,2,475,,3629,1,1,1,0,1,0,1,0,1,4060.0,True
476,0,1,0,1,1,1,1,1,1,0,1,1,1,1,1,1,1,1,0,1,1,527,0.0,2,476,,3637,1,1,1,1,0,1,1,0,1,4040.0,True
477,0,0,1,1,1,1,1,0,1,0,1,1,1,1,1,1,0,1,0,1,1,528,0.0,3,477,,3644,1,1,1,0,1,0,1,0,1,4080.0,True
478,0,1,0,1,1,1,1,1,1,0,1,1,1,1,1,1,1,1,0,1,1,529,0.0,3,478,,3652,1,1,1,1,0,1,1,0,1,260.0,True
479,0,1,0,1,1,1,1,1,1,0,1,1,1,1,1,1,1,1,0,1,1,53,0.0,3,479,,3660,1,1,1,1,0,1,1,0,1,220.0,True
480,0,0,1,1,1,1,1,0,1,0,1,1,1,1,1,1,0,1,0,1,1,530,0.0,3,480,,3667,1,1,1,0,1,0,1,0,1,4020.0,True
481,0,1,0,1,1,1,1,1,1,0,1,1,1,1,1,1,1,1,0,1,1,531,0.0,3,481,,3675,1,1,1,1,0,1,1,0,1,220.0,True
482,0,1,0,1,1,1,1,1,1,0,1,1,1,1,1,1,1,1,0,1,1,532,0.0,3,482,,3683,1,1,1,1,0,1,1,0,1,260.0,True
483,0,1,0,1,1,1,1,1,1,0,1,1,1,1,1,1,1,1,0,1,1,533,0.0,3,483,,3691,1,1,1,1,0,1,1,0,1,240.0,True
484,0,1,0,1,1,1,1,1,1,0,1,1,1,1,1,1,1,1,0,1,1,534,0.0,3,484,,3699,1,1,1,1,0,1,1,0,1,200.0,True
485,0,1,0,1,1,1,1,1,1,0,1,1,1,1,1,1,1,1,0,1,1,535,0.0,3,485,,3707,1,1,1,1,0,1,1,0,1,220.0,True
486,0,1,0,1,1,1,1,1,1,0,1,1,1,1,1,1,1,1,0,1,1,536,0.0,3,486,,3715,1,1,1,1,0,1,1,0,1,240.0,True
487,0,1,0,1,1,1,1,1,1,0,1,1,1,1,1,1,1,1,0,1,1,537,0.0,3,487,,3723,1,1,1,1,0,1,1,0,1,220.0,True
488,0,0,1,1,1,1,1,0,1,0,1,1,1,1,1,1,0,1,0,1,1,538,0.0,3,488,,3730,1,1,1,0,1,0,1,0,1,200.0,True
489,0,0,1,1,1,1,1,0,1,0,1,1,1,1,1,1,0,1,0,1,1,539,0.0,4,489,,3737,1,1,1,0,1,0,1,0,1,240.0,True
490,0,1,0,1,1,1,1,1,1,0,1,1,1,1,1,1,1,1,0,1,1,54,0.0,3,490,,3745,1,1,1,1,0,1,1,0,1,260.0,True
491,0,0,1,1,1,1,1,0,1,0,1,1,1,1,1,1,0,1,0,1,1,540,0.0,4,491,,3752,1,1,1,0,1,0,1,0,1,1180.0,True
492,0,0,1,1,1,1,1,0,1,0,1,1,1,1,1,1,0,1,0,1,1,541,0.0,4,492,,3759,1,1,1,0,1,0,1,0,1,1140.0,True
493,0,0,1,1,1,1,1,0,1,0,1,1,1,1,1,1,0,1,0,1,1,542,0.0,3,493,,3766,1,1,1,0,1,0,1,0,1,1180.0,True
494,0,1,0,1,1,1,1,1,1,0,1,1,1,1,1,1,1,1,0,1,1,543,0.0,3,494,,3774,1,1,1,1,0,1,1,0,1,260.0,True
495,0,0,1,1,1,1,1,0,1,0,1,1,1,1,1,1,0,1,0,1,1,544,0.0,4,495,,3781,1,1,1,0,1,0,1,0,1,240.0,True
496,0,1,0,1,1,1,1,1,1,0,1,1,1,1,1,1,1,1,0,1,1,545,0.0,4,496,,3789,1,1,1,1,0,1,1,0,1,1160.0,True
497,0,1,0,1,1,1,1,1,1,0,1,1,1,1,1,1,1,1,0,1,1,546,0.0,4,497,,3797,1,1,1,1,0,1,1,0,1,220.0,True
498,0,1,0,1,1,1,1,1,1,0,1,1,1,1,1,1,1,1,0,1,1,547,0.0,4,498,,3805,1,1,1,1,0,1,1,0,1,240.0,True
499,0,1,0,1,1,1,1,1,1,0,1,1,1,1,1,1,1,1,0,1,1,548,0.0,4,499,,3813,1,1,1,1,0,1,1,0,1,220.0,True
500,0,1,0,1,1,1,1,1,1,0,1,1,1,1,1,1,1,1,0,1,1,549,0.0,4,500,,3821,1,1,1,1,0,1,1,0,1,200.0,True
501,0,1,0,1,1,1,1,1,1,0,1,1,1,1,1,1,1,1,0,1,1,55,0.0,3,501,,3829,1,1,1,1,0,1,1,0,1,240.0,True
502,0,0,1,1,1,1,1,0,1,0,1,1,1,1,1,1,0,1,0,1,1,550,0.0,4,502,,3836,1,1,1,0,1,0,1,0,1,260.0,True
503,0,1,0,1,1,1,1,1,1,0,1,1,1,1,1,1,1,1,0,1,1,551,0.0,4,503,,3844,1,1,1,1,0,1,1,0,1,220.0,True
504,1,0,0,1,1,1,1,1,1,1,1,1,1,1,1,1,1,1,1,1,1,552,30.0,4,504,Inserted_Activity_resource,3853,1,1,1,1,0,1,1,1,1,210.0,True
505,0,1,0,1,1,1,1,1,1,0,1,1,1,1,1,1,1,1,0,1,1,553,0.0,4,505,,3861,1,1,1,1,0,1,1,0,1,220.0,True
506,0,0,1,1,1,1,1,0,1,0,1,1,1,1,1,1,0,1,0,1,1,554,0.0,4,506,,3868,1,1,1,0,1,0,1,0,1,260.0,True
507,0,0,1,1,1,1,1,0,1,0,1,1,1,1,1,1,0,1,0,1,1,555,0.0,0,507,,3875,1,1,1,0,1,0,1,0,1,1200.0,True
508,0,0,1,1,1,1,1,0,1,0,1,1,1,1,1,1,0,1,0,1,1,556,0.0,0,508,,3882,1,1,1,0,1,0,1,0,1,1160.0,True
509,0,0,1,1,1,1,1,0,1,0,1,1,1,1,1,1,0,1,0,1,1,557,0.0,0,509,,3889,1,1,1,0,1,0,1,0,1,1180.0,True
510,0,1,0,1,1,1,1,1,1,0,1,1,1,1,1,1,1,1,0,1,1,558,0.0,4,510,,3897,1,1,1,1,0,1,1,0,1,240.0,True
511,0,1,0,1,1,1,1,1,1,0,1,1,1,1,1,1,1,1,0,1,1,559,0.0,4,511,,3905,1,1,1,1,0,1,1,0,1,220.0,True
512,0,1,0,1,1,1,1,1,1,0,1,1,1,1,1,1,1,1,0,1,1,56,0.0,3,512,,3913,1,1,1,1,0,1,1,0,1,1160.0,True
513,0,0,1,1,1,1,1,0,1,0,1,1,1,1,1,1,0,1,0,1,1,560,0.0,0,513,,3920,1,1,1,0,1,0,1,0,1,240.0,True
514,0,1,0,1,1,1,1,1,1,0,1,1,1,1,1,1,1,1,0,1,1,561,0.0,0,514,,3928,1,1,1,1,0,1,1,0,1,260.0,True
515,0,0,1,1,1,1,1,0,1,0,1,1,1,1,1,1,0,1,0,1,1,562,0.0,0,515,,3935,1,1,1,0,1,0,1,0,1,220.0,True
516,0,1,0,1,1,1,1,1,1,0,1,1,1,1,1,1,1,1,0,1,1,563,0.0,0,516,,3943,1,1,1,1,0,1,1,0,1,210.0,True
517,1,0,0,1,1,1,1,1,1,1,1,1,1,1,1,1,1,1,1,1,1,564,30.0,0,517,Inserted_Activity_resource,3952,1,1,1,1,0,1,1,1,1,220.0,True
518,0,1,0,1,1,1,1,1,1,0,1,1,1,1,1,1,1,1,0,1,1,565,0.0,0,518,,3960,1,1,1,1,0,1,1,0,1,260.0,True
519,0,0,1,1,1,1,1,0,1,0,1,1,1,1,1,1,0,1,0,1,1,566,0.0,0,519,,3967,1,1,1,0,1,0,1,0,1,240.0,True
520,0,1,0,1,1,1,1,1,1,0,1,1,1,1,1,1,1,1,0,1,1,567,0.0,0,520,,3975,1,1,1,1,0,1,1,0,1,200.0,True
521,0,1,0,1,1,1,1,1,1,0,1,1,1,1,1,1,1,1,0,1,1,568,0.0,0,521,,3983,1,1,1,1,0,1,1,0,1,220.0,True
522,0,1,0,1,1,1,1,1,1,0,1,1,1,1,1,1,1,1,0,1,1,569,0.0,0,522,,3991,1,1,1,1,0,1,1,0,1,240.0,True
523,0,1,0,1,1,1,1,1,1,0,1,1,1,1,1,1,1,1,0,1,1,57,0.0,3,523,,3999,1,1,1,1,0,1,1,0,1,1180.0,True
524,0,1,0,1,1,1,1,1,1,0,1,1,1,1,1,1,1,1,0,1,1,570,0.0,0,524,,4007,1,1,1,1,0,1,1,0,1,1160.0,True
525,0,0,1,1,1,1,1,0,1,0,1,1,1,1,1,1,0,1,0,1,1,571,0.0,1,525,,4014,1,1,1,0,1,0,1,0,1,1200.0,True
526,0,0,1,1,1,1,1,0,1,0,1,1,1,1,1,1,0,1,0,1,1,572,0.0,1,526,,4021,1,1,1,0,1,0,1,0,1,260.0,True
527,0,0,1,1,1,1,1,0,1,0,1,1,1,1,1,1,0,1,0,1,1,573,0.0,1,527,,4028,1,1,1,0,1,0,1,0,1,220.0,True
528,0,0,1,1,1,1,1,0,1,0,1,1,1,1,1,1,0,1,0,1,1,574,0.0,0,528,,4035,1,1,1,0,1,0,1,0,1,1140.0,True
529,0,1,0,1,1,1,1,1,1,0,1,1,1,1,1,1,1,1,0,1,1,575,0.0,0,529,,4043,1,1,1,1,0,1,1,0,1,220.0,True
530,0,0,1,1,1,1,1,0,1,0,1,1,1,1,1,1,0,1,0,1,1,576,0.0,1,530,,4050,1,1,1,0,1,0,1,0,1,260.0,True
531,0,1,0,1,1,1,1,1,1,0,1,1,1,1,1,1,1,1,0,1,1,577,0.0,1,531,,4058,1,1,1,1,0,1,1,0,1,240.0,True
532,0,0,1,1,1,1,1,0,1,0,1,1,1,1,1,1,0,1,0,1,1,578,0.0,1,532,,4065,1,1,1,0,1,0,1,0,1,200.0,True
533,0,1,0,1,1,1,1,1,1,0,1,1,1,1,1,1,1,1,0,1,1,579,0.0,1,533,,4073,1,1,1,1,0,1,1,0,1,220.0,True
534,0,0,1,1,1,1,1,0,1,0,1,1,1,1,1,1,0,1,0,1,1,58,0.0,3,534,,4080,1,1,1,0,1,0,1,0,1,240.0,True
535,0,1,0,1,1,1,1,1,1,0,1,1,1,1,1,1,1,1,0,1,1,580,0.0,1,535,,4088,1,1,1,1,0,1,1,0,1,220.0,True
536,0,1,0,1,1,1,1,1,1,0,1,1,1,1,1,1,1,1,0,1,1,581,0.0,1,536,,4096,1,1,1,1,0,1,1,0,1,200.0,True
537,0,1,0,1,1,1,1,1,1,0,1,1,1,1,1,1,1,1,0,1,1,582,0.0,1,537,,4104,1,1,1,1,0,1,1,0,1,240.0,True
538,0,1,0,1,1,1,1,1,1,0,1,1,1,1,1,1,1,1,0,1,1,583,0.0,1,538,,4112,1,1,1,1,0,1,1,0,1,260.0,True
539,0,1,0,1,1,1,1,1,1,0,1,1,1,1,1,1,1,1,0,1,1,584,0.0,1,539,,4120,1,1,1,1,0,1,1,0,1,1180.0,True
540,0,1,0,1,1,1,1,1,1,0,1,1,1,1,1,1,1,1,0,1,1,585,0.0,1,540,,4128,1,1,1,1,0,1,1,0,1,1140.0,True
541,0,0,1,1,1,1,1,0,1,0,1,1,1,1,1,1,0,1,0,1,1,586,0.0,1,541,,4135,1,1,1,0,1,0,1,0,1,1180.0,True
542,0,0,1,1,1,1,1,0,1,0,1,1,1,1,1,1,0,1,0,1,1,587,0.0,2,542,,4142,1,1,1,0,1,0,1,0,1,260.0,True
543,0,0,1,1,1,1,1,0,1,0,1,1,1,1,1,1,0,1,0,1,1,588,0.0,2,543,,4149,1,1,1,0,1,0,1,0,1,240.0,True
544,0,0,1,1,1,1,1,0,1,0,1,1,1,1,1,1,0,1,0,1,1,589,0.0,2,544,,4156,1,1,1,0,1,0,1,0,1,1160.0,True
545,0,0,1,1,1,1,1,0,1,0,1,1,1,1,1,1,0,1,0,1,1,59,0.0,4,545,,4163,1,1,1,0,1,0,1,0,1,220.0,True
546,0,0,1,1,1,1,1,0,1,0,1,1,1,1,1,1,0,1,0,1,1,590,0.0,1,546,,4170,1,1,1,0,1,0,1,0,1,240.0,True
547,0,1,0,1,1,1,1,1,1,0,1,1,1,1,1,1,1,1,0,1,1,591,0.0,1,547,,4178,1,1,1,1,0,1,1,0,1,220.0,True
548,0,0,1,1,1,1,1,0,1,0,1,1,1,1,1,1,0,1,0,1,1,592,0.0,2,548,,4185,1,1,1,0,1,0,1,0,1,200.0,True
549,0,1,0,1,1,1,1,1,1,0,1,1,1,1,1,1,1,1,0,1,1,593,0.0,2,549,,4193,1,1,1,1,0,1,1,0,1,240.0,True
550,0,1,0,1,1,1,1,1,1,0,1,1,1,1,1,1,1,1,0,1,1,594,0.0,2,550,,4201,1,1,1,1,0,1,1,0,1,260.0,True
551,0,1,0,1,1,1,1,1,1,0,1,1,1,1,1,1,1,1,0,1,1,595,0.0,2,551,,4209,1,1,1,1,0,1,1,0,1,220.0,True
552,0,1,0,1,1,1,1,1,1,0,1,1,1,1,1,1,1,1,0,1,1,596,0.0,2,552,,4217,1,1,1,1,0,1,1,0,1,210.0,True
553,0,1,0,1,1,1,1,1,1,0,1,1,1,1,1,1,1,1,0,1,1,597,0.0,2,553,,4225,1,1,1,1,0,1,1,0,1,220.0,True
554,0,0,1,1,1,1,1,0,1,0,1,1,1,1,1,1,0,1,0,1,1,598,0.0,2,554,,4232,1,1,1,0,1,0,1,0,1,260.0,True
555,0,1,0,1,1,1,1,1,1,0,1,1,1,1,1,1,1,1,0,1,1,599,0.0,2,555,,4240,1,1,1,1,0,1,1,0,1,4080.0,True
556,0,1,0,1,1,1,1,1,1,0,1,1,1,1,1,1,1,1,0,1,1,6,0.0,0,556,,4248,1,1,1,1,0,1,1,0,1,4040.0,True
557,0,0,1,1,1,1,1,0,1,0,1,1,1,1,1,1,0,1,0,1,1,60,0.0,4,557,,4255,1,1,1,0,1,0,1,0,1,4060.0,True
558,1,0,0,1,1,1,1,1,1,1,1,1,1,1,1,1,1,1,1,1,1,600,30.0,2,558,Inserted_Activity_resource,4264,1,1,1,1,0,1,1,1,1,240.0,True
559,0,1,0,1,1,1,1,1,1,0,1,1,1,1,1,1,1,1,0,1,1,601,0.0,2,559,,4272,1,1,1,1,0,1,1,0,1,220.0,True
560,0,0,1,1,1,1,1,0,1,0,1,1,1,1,1,1,0,1,0,1,1,602,0.0,2,560,,4279,1,1,1,0,1,0,1,0,1,4040.0,True
561,0,0,1,1,1,1,1,0,1,0,1,1,1,1,1,1,0,1,0,1,1,603,0.0,3,561,,4286,1,1,1,0,1,0,1,0,1,240.0,True
562,0,0,1,1,1,1,1,0,1,0,1,1,1,1,1,1,0,1,0,1,1,604,0.0,3,562,,4293,1,1,1,0,1,0,1,0,1,260.0,True
563,0,0,1,1,1,1,1,0,1,0,1,1,1,1,1,1,0,1,0,1,1,605,0.0,3,563,,4300,1,1,1,0,1,0,1,0,1,220.0,True
564,0,1,0,1,1,1,1,1,1,0,1,1,1,1,1,1,1,1,0,1,1,606,0.0,2,564,,4308,1,1,1,1,0,1,1,0,1,210.0,True
565,0,1,0,1,1,1,1,1,1,0,1,1,1,1,1,1,1,1,0,1,1,607,0.0,2,565,,4316,1,1,1,1,0,1,1,0,1,220.0,True
566,0,0,1,1,1,1,1,0,1,0,1,1,1,1,1,1,0,1,0,1,1,608,0.0,3,566,,4323,1,1,1,0,1,0,1,0,1,260.0,True
567,0,1,0,1,1,1,1,1,1,0,1,1,1,1,1,1,1,1,0,1,1,609,0.0,3,567,,4331,1,1,1,1,0,1,1,0,1,240.0,True
568,0,0,1,1,1,1,1,0,1,0,1,1,1,1,1,1,0,1,0,1,1,61,0.0,4,568,,4338,1,1,1,0,1,0,1,0,1,200.0,True
569,0,0,1,1,1,1,1,0,1,0,1,1,1,1,1,1,0,1,0,1,1,610,0.0,3,569,,4345,1,1,1,0,1,0,1,0,1,220.0,True
570,0,1,0,1,1,1,1,1,1,0,1,1,1,1,1,1,1,1,0,1,1,611,0.0,3,570,,4353,1,1,1,1,0,1,1,0,1,240.0,True
571,1,0,0,1,1,1,1,1,1,1,1,1,1,1,1,1,1,1,1,1,1,612,30.0,3,571,Inserted_Activity_resource,4362,1,1,1,1,0,1,1,1,1,1180.0,True
572,0,1,0,1,1,1,1,1,1,0,1,1,1,1,1,1,1,1,0,1,1,613,0.0,3,572,,4370,1,1,1,1,0,1,1,0,1,1160.0,True
573,0,0,1,1,1,1,1,0,1,0,1,1,1,1,1,1,0,1,0,1,1,614,0.0,3,573,,4377,1,1,1,0,1,0,1,0,1,1200.0,True
574,0,1,0,1,1,1,1,1,1,0,1,1,1,1,1,1,1,1,0,1,1,615,0.0,3,574,,4385,1,1,1,1,0,1,1,0,1,260.0,True
575,0,1,0,1,1,1,1,1,1,0,1,1,1,1,1,1,1,1,0,1,1,616,0.0,3,575,,4393,1,1,1,1,0,1,1,0,1,220.0,True
576,0,1,0,1,1,1,1,1,1,0,1,1,1,1,1,1,1,1,0,1,1,617,0.0,3,576,,4401,1,1,1,1,0,1,1,0,1,1140.0,True
577,0,1,0,1,1,1,1,1,1,0,1,1,1,1,1,1,1,1,0,1,1,618,0.0,3,577,,4409,1,1,1,1,0,1,1,0,1,220.0,True
578,0,0,1,1,1,1,1,0,1,0,1,1,1,1,1,1,0,1,0,1,1,619,0.0,4,578,,4416,1,1,1,0,1,0,1,0,1,260.0,True
579,0,0,1,1,1,1,1,0,1,0,1,1,1,1,1,1,0,1,0,1,1,62,0.0,3,579,,4423,1,1,1,0,1,0,1,0,1,240.0,True
580,0,0,1,1,1,1,1,0,1,0,1,1,1,1,1,1,0,1,0,1,1,620,0.0,4,580,,4430,1,1,1,0,1,0,1,0,1,200.0,True
581,0,0,1,1,1,1,1,0,1,0,1,1,1,1,1,1,0,1,0,1,1,621,0.0,4,581,,4437,1,1,1,0,1,0,1,0,1,220.0,True
582,0,0,1,1,1,1,1,0,1,0,1,1,1,1,1,1,0,1,0,1,1,622,0.0,3,582,,4444,1,1,1,0,1,0,1,0,1,240.0,True
583,0,1,0,1,1,1,1,1,1,0,1,1,1,1,1,1,1,1,0,1,1,623,0.0,3,583,,4452,1,1,1,1,0,1,1,0,1,220.0,True
584,0,0,1,1,1,1,1,0,1,0,1,1,1,1,1,1,0,1,0,1,1,624,0.0,4,584,,4459,1,1,1,0,1,0,1,0,1,200.0,True
585,0,1,0,1,1,1,1,1,1,0,1,1,1,1,1,1,1,1,0,1,1,625,0.0,4,585,,4467,1,1,1,1,0,1,1,0,1,240.0,True
586,0,0,1,1,1,1,1,0,1,0,1,1,1,1,1,1,0,1,0,1,1,626,0.0,4,586,,4474,1,1,1,0,1,0,1,0,1,260.0,True
587,0,1,0,1,1,1,1,1,1,0,1,1,1,1,1,1,1,1,0,1,1,627,0.0,4,587,,4482,1,1,1,1,0,1,1,0,1,1180.0,True
588,0,1,0,1,1,1,1,1,1,0,1,1,1,1,1,1,1,1,0,1,1,628,0.0,4,588,,4490,1,1,1,1,0,1,1,0,1,1140.0,True
589,0,1,0,1,1,1,1,1,1,0,1,1,1,1,1,1,1,1,0,1,1,629,0.0,4,589,,4498,1,1,1,1,0,1,1,0,1,1180.0,True
590,0,1,0,1,1,1,1,1,1,0,1,1,1,1,1,1,1,1,0,1,1,63,0.0,3,590,,4506,1,1,1,1,0,1,1,0,1,260.0,True
591,0,1,0,1,1,1,1,1,1,0,1,1,1,1,1,1,1,1,0,1,1,630,0.0,4,591,,4514,1,1,1,1,0,1,1,0,1,240.0,True
592,0,1,0,1,1,1,1,1,1,0,1,1,1,1,1,1,1,1,0,1,1,631,0.0,4,592,,4522,1,1,1,1,0,1,1,0,1,1160.0,True
593,0,1,0,1,1,1,1,1,1,0,1,1,1,1,1,1,1,1,0,1,1,632,0.0,4,593,,4530,1,1,1,1,0,1,1,0,1,220.0,True
594,0,1,0,1,1,1,1,1,1,0,1,1,1,1,1,1,1,1,0,1,1,633,0.0,4,594,,4538,1,1,1,1,0,1,1,0,1,240.0,True
595,0,0,1,1,1,1,1,0,1,0,1,1,1,1,1,1,0,1,0,1,1,634,0.0,4,595,,4545,1,1,1,0,1,0,1,0,1,220.0,True
596,0,0,1,1,1,1,1,0,1,0,1,1,1,1,1,1,0,1,0,1,1,635,0.0,0,596,,4552,1,1,1,0,1,0,1,0,1,200.0,True
597,0,0,1,1,1,1,1,0,1,0,1,1,1,1,1,1,0,1,0,1,1,636,0.0,0,597,,4559,1,1,1,0,1,0,1,0,1,240.0,True
598,0,0,1,1,1,1,1,0,1,0,1,1,1,1,1,1,0,1,0,1,1,637,0.0,0,598,,4566,1,1,1,0,1,0,1,0,1,260.0,True
599,0,0,1,1,1,1,1,0,1,0,1,1,1,1,1,1,0,1,0,1,1,638,0.0,4,599,,4573,1,1,1,0,1,0,1,0,1,220.0,True
600,0,1,0,1,1,1,1,1,1,0,1,1,1,1,1,1,1,1,0,1,1,639,0.0,4,600,,4581,1,1,1,1,0,1,1,0,1,210.0,True
601,0,0,1,1,1,1,1,0,1,0,1,1,1,1,1,1,0,1,0,1,1,64,0.0,4,601,,4588,1,1,1,0,1,0,1,0,1,220.0,True
602,0,0,1,1,1,1,1,0,1,0,1,1,1,1,1,1,0,1,0,1,1,640,0.0,0,602,,4595,1,1,1,0,1,0,1,0,1,260.0,True
603,0,1,0,1,1,1,1,1,1,0,1,1,1,1,1,1,1,1,0,1,1,641,0.0,0,603,,4603,1,1,1,1,0,1,1,0,1,1200.0,True
604,0,1,0,1,1,1,1,1,1,0,1,1,1,1,1,1,1,1,0,1,1,642,0.0,0,604,,4611,1,1,1,1,0,1,1,0,1,1160.0,True
605,0,1,0,1,1,1,1,1,1,0,1,1,1,1,1,1,1,1,0,1,1,643,0.0,0,605,,4619,1,1,1,1,0,1,1,0,1,1180.0,True
606,0,1,0,1,1,1,1,1,1,0,1,1,1,1,1,1,1,1,0,1,1,644,0.0,0,606,,4627,1,1,1,1,0,1,1,0,1,240.0,True
607,0,1,0,1,1,1,1,1,1,0,1,1,1,1,1,1,1,1,0,1,1,645,0.0,0,607,,4635,1,1,1,1,0,1,1,0,1,220.0,True
608,0,0,1,1,1,1,1,0,1,0,1,1,1,1,1,1,0,1,0,1,1,646,0.0,0,608,,4642,1,1,1,0,1,0,1,0,1,1160.0,True
609,0,1,0,1,1,1,1,1,1,0,1,1,1,1,1,1,1,1,0,1,1,647,0.0,0,609,,4650,1,1,1,1,0,1,1,0,1,240.0,True
610,1,0,0,1,1,1,1,1,1,1,1,1,1,1,1,1,1,1,1,1,1,648,30.0,0,610,Inserted_Activity_resource,4659,1,1,1,1,0,1,1,1,1,260.0,True
611,0,1,0,1,1,1,1,1,1,0,1,1,1,1,1,1,1,1,0,1,1,649,0.0,0,611,,4667,1,1,1,1,0,1,1,0,1,220.0,True
612,0,1,0,1,1,1,1,1,1,0,1,1,1,1,1,1,1,1,0,1,1,65,0.0,4,612,,4675,1,1,1,1,0,1,1,0,1,210.0,True
613,0,0,1,1,1,1,1,0,1,0,1,1,1,1,1,1,0,1,0,1,1,650,0.0,0,613,,4682,1,1,1,0,1,0,1,0,1,220.0,True
614,0,0,1,1,1,1,1,0,1,0,1,1,1,1,1,1,0,1,0,1,1,651,0.0,1,614,,4689,1,1,1,0,1,0,1,0,1,260.0,True
615,0,0,1,1,1,1,1,0,1,0,1,1,1,1,1,1,0,1,0,1,1,652,0.0,1,615,,4696,1,1,1,0,1,0,1,0,1,240.0,True
616,0,0,1,1,1,1,1,0,1,0,1,1,1,1,1,1,0,1,0,1,1,653,0.0,1,616,,4703,1,1,1,0,1,0,1,0,1,200.0,True
617,0,1,0,1,1,1,1,1,1,0,1,1,1,1,1,1,1,1,0,1,1,654,0.0,0,617,,4711,1,1,1,1,0,1,1,0,1,220.0,True
618,0,1,0,1,1,1,1,1,1,0,1,1,1,1,1,1,1,1,0,1,1,655,0.0,0,618,,4719,1,1,1,1,0,1,1,0,1,240.0,True
619,0,0,1,1,1,1,1,0,1,0,1,1,1,1,1,1,0,1,0,1,1,656,0.0,1,619,,4726,1,1,1,0,1,0,1,0,1,1180.0,True
620,0,1,0,1,1,1,1,1,1,0,1,1,1,1,1,1,1,1,0,1,1,657,0.0,1,620,,4734,1,1,1,1,0,1,1,0,1,1160.0,True
621,0,0,1,1,1,1,1,0,1,0,1,1,1,1,1,1,0,1,0,1,1,658,0.0,1,621,,4741,1,1,1,0,1,0,1,0,1,1200.0,True
622,0,1,0,1,1,1,1,1,1,0,1,1,1,1,1,1,1,1,0,1,1,659,0.0,1,622,,4749,1,1,1,1,0,1,1,0,1,260.0,True
623,0,1,0,1,1,1,1,1,1,0,1,1,1,1,1,1,1,1,0,1,1,66,0.0,4,623,,4757,1,1,1,1,0,1,1,0,1,220.0,True
624,1,0,0,1,1,1,1,1,1,1,1,1,1,1,1,1,1,1,1,1,1,660,30.0,1,624,Inserted_Activity_resource,4766,1,1,1,1,0,1,1,1,1,1140.0,True
625,0,1,0,1,1,1,1,1,1,0,1,1,1,1,1,1,1,1,0,1,1,661,0.0,1,625,,4774,1,1,1,1,0,1,1,0,1,220.0,True
626,0,0,1,1,1,1,1,0,1,0,1,1,1,1,1,1,0,1,0,1,1,662,0.0,1,626,,4781,1,1,1,0,1,0,1,0,1,260.0,True
627,0,1,0,1,1,1,1,1,1,0,1,1,1,1,1,1,1,1,0,1,1,663,0.0,1,627,,4789,1,1,1,1,0,1,1,0,1,240.0,True
628,0,1,0,1,1,1,1,1,1,0,1,1,1,1,1,1,1,1,0,1,1,664,0.0,1,628,,4797,1,1,1,1,0,1,1,0,1,200.0,True
629,0,1,0,1,1,1,1,1,1,0,1,1,1,1,1,1,1,1,0,1,1,665,0.0,1,629,,4805,1,1,1,1,0,1,1,0,1,220.0,True
630,0,1,0,1,1,1,1,1,1,0,1,1,1,1,1,1,1,1,0,1,1,666,0.0,1,630,,4813,1,1,1,1,0,1,1,0,1,240.0,True
631,0,0,1,1,1,1,1,0,1,0,1,1,1,1,1,1,0,1,0,1,1,667,0.0,2,631,,4820,1,1,1,0,1,0,1,0,1,220.0,True
632,0,0,1,1,1,1,1,0,1,0,1,1,1,1,1,1,0,1,0,1,1,668,0.0,2,632,,4827,1,1,1,0,1,0,1,0,1,200.0,True
633,0,0,1,1,1,1,1,0,1,0,1,1,1,1,1,1,0,1,0,1,1,669,0.0,2,633,,4834,1,1,1,0,1,0,1,0,1,240.0,True
634,0,1,0,1,1,1,1,1,1,0,1,1,1,1,1,1,1,1,0,1,1,67,0.0,4,634,,4842,1,1,1,1,0,1,1,0,1,260.0,True
635,0,0,1,1,1,1,1,0,1,0,1,1,1,1,1,1,0,1,0,1,1,670,0.0,1,635,,4849,1,1,1,0,1,0,1,0,1,4060.0,True
636,0,1,0,1,1,1,1,1,1,0,1,1,1,1,1,1,1,1,0,1,1,671,0.0,1,636,,4857,1,1,1,1,0,1,1,0,1,4020.0,True
637,0,0,1,1,1,1,1,0,1,0,1,1,1,1,1,1,0,1,0,1,1,672,0.0,2,637,,4864,1,1,1,0,1,0,1,0,1,4060.0,True
638,0,1,0,1,1,1,1,1,1,0,1,1,1,1,1,1,1,1,0,1,1,673,0.0,2,638,,4872,1,1,1,1,0,1,1,0,1,260.0,True
639,0,0,1,1,1,1,1,0,1,0,1,1,1,1,1,1,0,1,0,1,1,674,0.0,2,639,,4879,1,1,1,0,1,0,1,0,1,240.0,True
640,0,1,0,1,1,1,1,1,1,0,1,1,1,1,1,1,1,1,0,1,1,675,0.0,2,640,,4887,1,1,1,1,0,1,1,0,1,4040.0,True
641,0,1,0,1,1,1,1,1,1,0,1,1,1,1,1,1,1,1,0,1,1,676,0.0,2,641,,4895,1,1,1,1,0,1,1,0,1,220.0,True
642,0,1,0,1,1,1,1,1,1,0,1,1,1,1,1,1,1,1,0,1,1,677,0.0,2,642,,4903,1,1,1,1,0,1,1,0,1,240.0,True
643,0,1,0,1,1,1,1,1,1,0,1,1,1,1,1,1,1,1,0,1,1,678,0.0,2,643,,4911,1,1,1,1,0,1,1,0,1,220.0,True
644,0,1,0,1,1,1,1,1,1,0,1,1,1,1,1,1,1,1,0,1,1,679,0.0,2,644,,4919,1,1,1,1,0,1,1,0,1,200.0,True
645,0,1,0,1,1,1,1,1,1,0,1,1,1,1,1,1,1,1,0,1,1,68,0.0,4,645,,4927,1,1,1,1,0,1,1,0,1,240.0,True
646,0,1,0,1,1,1,1,1,1,0,1,1,1,1,1,1,1,1,0,1,1,680,0.0,2,646,,4935,1,1,1,1,0,1,1,0,1,260.0,True
647,0,1,0,1,1,1,1,1,1,0,1,1,1,1,1,1,1,1,0,1,1,681,0.0,2,647,,4943,1,1,1,1,0,1,1,0,1,220.0,True
648,0,0,1,1,1,1,1,0,1,0,1,1,1,1,1,1,0,1,0,1,1,682,0.0,2,648,,4950,1,1,1,0,1,0,1,0,1,210.0,True
649,0,0,1,1,1,1,1,0,1,0,1,1,1,1,1,1,0,1,0,1,1,683,0.0,3,649,,4957,1,1,1,0,1,0,1,0,1,220.0,True
650,0,0,1,1,1,1,1,0,1,0,1,1,1,1,1,1,0,1,0,1,1,684,0.0,3,650,,4964,1,1,1,0,1,0,1,0,1,260.0,True
651,0,0,1,1,1,1,1,0,1,0,1,1,1,1,1,1,0,1,0,1,1,685,0.0,3,651,,4971,1,1,1,0,1,0,1,0,1,1200.0,True
652,0,0,1,1,1,1,1,0,1,0,1,1,1,1,1,1,0,1,0,1,1,686,0.0,2,652,,4978,1,1,1,0,1,0,1,0,1,1160.0,True
653,0,1,0,1,1,1,1,1,1,0,1,1,1,1,1,1,1,1,0,1,1,687,0.0,2,653,,4986,1,1,1,1,0,1,1,0,1,1180.0,True
654,0,0,1,1,1,1,1,0,1,0,1,1,1,1,1,1,0,1,0,1,1,688,0.0,3,654,,4993,1,1,1,0,1,0,1,0,1,240.0,True
655,0,1,0,1,1,1,1,1,1,0,1,1,1,1,1,1,1,1,0,1,1,689,0.0,3,655,,5001,1,1,1,1,0,1,1,0,1,220.0,True
656,0,1,0,1,1,1,1,1,1,0,1,1,1,1,1,1,1,1,0,1,1,69,0.0,4,656,,5009,1,1,1,1,0,1,1,0,1,1160.0,True
657,0,1,0,1,1,1,1,1,1,0,1,1,1,1,1,1,1,1,0,1,1,690,0.0,3,657,,5017,1,1,1,1,0,1,1,0,1,240.0,True
658,0,1,0,1,1,1,1,1,1,0,1,1,1,1,1,1,1,1,0,1,1,691,0.0,3,658,,5025,1,1,1,1,0,1,1,0,1,260.0,True
659,0,1,0,1,1,1,1,1,1,0,1,1,1,1,1,1,1,1,0,1,1,692,0.0,3,659,,5033,1,1,1,1,0,1,1,0,1,220.0,True
660,0,1,0,1,1,1,1,1,1,0,1,1,1,1,1,1,1,1,0,1,1,693,0.0,3,660,,5041,1,1,1,1,0,1,1,0,1,210.0,True
661,0,0,1,1,1,1,1,0,1,0,1,1,1,1,1,1,0,1,0,1,1,694,0.0,3,661,,5048,1,1,1,0,1,0,1,0,1,220.0,True
662,0,1,0,1,1,1,1,1,1,0,1,1,1,1,1,1,1,1,0,1,1,695,0.0,3,662,,5056,1,1,1,1,0,1,1,0,1,260.0,True
663,1,0,0,1,1,1,1,1,1,1,1,1,1,1,1,1,1,1,1,1,1,696,30.0,3,663,Inserted_Activity_resource,5065,1,1,1,1,0,1,1,1,1,240.0,True
664,0,1,0,1,1,1,1,1,1,0,1,1,1,1,1,1,1,1,0,1,1,697,0.0,3,664,,5073,1,1,1,1,0,1,1,0,1,200.0,True
665,0,0,1,1,1,1,1,0,1,0,1,1,1,1,1,1,0,1,0,1,1,698,0.0,3,665,,5080,1,1,1,0,1,0,1,0,1,220.0,True
666,0,0,1,1,1,1,1,0,1,0,1,1,1,1,1,1,0,1,0,1,1,699,0.0,4,666,,5087,1,1,1,0,1,0,1,0,1,240.0,True
667,0,1,0,1,1,1,1,1,1,0,1,1,1,1,1,1,1,1,0,1,1,7,0.0,0,667,,5095,1,1,1,1,0,1,1,0,1,1180.0,True
668,0,0,1,1,1,1,1,0,1,0,1,1,1,1,1,1,0,1,0,1,1,70,0.0,4,668,,5102,1,1,1,0,1,0,1,0,1,1160.0,True
669,0,0,1,1,1,1,1,0,1,0,1,1,1,1,1,1,0,1,0,1,1,700,0.0,4,669,,5109,1,1,1,0,1,0,1,0,1,1200.0,True
670,0,0,1,1,1,1,1,0,1,0,1,1,1,1,1,1,0,1,0,1,1,701,0.0,4,670,,5116,1,1,1,0,1,0,1,0,1,260.0,True
671,0,1,0,1,1,1,1,1,1,0,1,1,1,1,1,1,1,1,0,1,1,702,0.0,3,671,,5124,1,1,1,1,0,1,1,0,1,220.0,True
672,0,1,0,1,1,1,1,1,1,0,1,1,1,1,1,1,1,1,0,1,1,703,0.0,3,672,,5132,1,1,1,1,0,1,1,0,1,1140.0,True
673,0,0,1,1,1,1,1,0,1,0,1,1,1,1,1,1,0,1,0,1,1,704,0.0,4,673,,5139,1,1,1,0,1,0,1,0,1,220.0,True
674,0,1,0,1,1,1,1,1,1,0,1,1,1,1,1,1,1,1,0,1,1,705,0.0,4,674,,5147,1,1,1,1,0,1,1,0,1,260.0,True
675,0,0,1,1,1,1,1,0,1,0,1,1,1,1,1,1,0,1,0,1,1,706,0.0,4,675,,5154,1,1,1,0,1,0,1,0,1,240.0,True
676,0,1,0,1,1,1,1,1,1,0,1,1,1,1,1,1,1,1,0,1,1,707,0.0,4,676,,5162,1,1,1,1,0,1,1,0,1,200.0,True
677,1,0,0,1,1,1,1,1,1,1,1,1,1,1,1,1,1,1,1,1,1,708,30.0,4,677,Inserted_Activity_resource,5171,1,1,1,1,0,1,1,1,1,220.0,True
678,0,1,0,1,1,1,1,1,1,0,1,1,1,1,1,1,1,1,0,1,1,709,0.0,4,678,,5179,1,1,1,1,0,1,1,0,1,240.0,True
679,0,1,0,1,1,1,1,1,1,0,1,1,1,1,1,1,1,1,0,1,1,71,0.0,4,679,,5187,1,1,1,1,0,1,1,0,1,220.0,True
680,0,0,1,1,1,1,1,0,1,0,1,1,1,1,1,1,0,1,0,1,1,710,0.0,4,680,,5194,1,1,1,0,1,0,1,0,1,200.0,True
681,0,1,0,1,1,1,1,1,1,0,1,1,1,1,1,1,1,1,0,1,1,711,0.0,4,681,,5202,1,1,1,1,0,1,1,0,1,240.0,True
682,0,1,0,1,1,1,1,1,1,0,1,1,1,1,1,1,1,1,0,1,1,712,0.0,4,682,,5210,1,1,1,1,0,1,1,0,1,260.0,True
683,0,1,0,1,1,1,1,1,1,0,1,1,1,1,1,1,1,1,0,1,1,713,0.0,4,683,,5218,1,1,1,1,0,1,1,0,1,1180.0,True
684,0,1,0,1,1,1,1,1,1,0,1,1,1,1,1,1,1,1,0,1,1,714,0.0,4,684,,5226,1,1,1,1,0,1,1,0,1,1140.0,True
685,0,0,1,1,1,1,1,0,1,0,1,1,1,1,1,1,0,1,0,1,1,715,0.0,0,685,,5233,1,1,1,0,1,0,1,0,1,1180.0,True
686,0,0,1,1,1,1,1,0,1,0,1,1,1,1,1,1,0,1,0,1,1,716,0.0,0,686,,5240,1,1,1,0,1,0,1,0,1,260.0,True
687,0,0,1,1,1,1,1,0,1,0,1,1,1,1,1,1,0,1,0,1,1,717,0.0,0,687,,5247,1,1,1,0,1,0,1,0,1,240.0,True
688,0,0,1,1,1,1,1,0,1,0,1,1,1,1,1,1,0,1,0,1,1,718,0.0,4,688,,5254,1,1,1,0,1,0,1,0,1,1160.0,True
689,0,1,0,1,1,1,1,1,1,0,1,1,1,1,1,1,1,1,0,1,1,719,0.0,4,689,,5262,1,1,1,1,0,1,1,0,1,220.0,True
690,1,0,0,1,1,1,1,1,1,1,1,1,1,1,1,1,1,1,1,1,1,72,30.0,4,690,Inserted_Activity_resource,5271,1,1,1,1,0,1,1,1,1,240.0,True
691,0,0,1,1,1,1,1,0,1,0,1,1,1,1,1,1,0,1,0,1,1,720,0.0,0,691,,5278,1,1,1,0,1,0,1,0,1,220.0,True
692,0,1,0,1,1,1,1,1,1,0,1,1,1,1,1,1,1,1,0,1,1,721,0.0,0,692,,5286,1,1,1,1,0,1,1,0,1,200.0,True
693,0,0,1,1,1,1,1,0,1,0,1,1,1,1,1,1,0,1,0,1,1,722,0.0,0,693,,5293,1,1,1,0,1,0,1,0,1,240.0,True
694,0,1,0,1,1,1,1,1,1,0,1,1,1,1,1,1,1,1,0,1,1,723,0.0,0,694,,5301,1,1,1,1,0,1,1,0,1,260.0,True
695,0,1,0,1,1,1,1,1,1,0,1,1,1,1,1,1,1,1,0,1,1,724,0.0,0,695,,5309,1,1,1,1,0,1,1,0,1,220.0,True
696,0,1,0,1,1,1,1,1,1,0,1,1,1,1,1,1,1,1,0,1,1,725,0.0,0,696,,5317,1,1,1,1,0,1,1,0,1,210.0,True
697,0,1,0,1,1,1,1,1,1,0,1,1,1,1,1,1,1,1,0,1,1,726,0.0,0,697,,5325,1,1,1,1,0,1,1,0,1,220.0,True
698,0,1,0,1,1,1,1,1,1,0,1,1,1,1,1,1,1,1,0,1,1,727,0.0,0,698,,5333,1,1,1,1,0,1,1,0,1,260.0,True
699,0,1,0,1,1,1,1,1,1,0,1,1,1,1,1,1,1,1,0,1,1,728,0.0,0,699,,5341,1,1,1,1,0,1,1,0,1,1200.0,True
700,0,1,0,1,1,1,1,1,1,0,1,1,1,1,1,1,1,1,0,1,1,729,0.0,0,700,,5349,1,1,1,1,0,1,1,0,1,1160.0,True
701,0,1,0,1,1,1,1,1,1,0,1,1,1,1,1,1,1,1,0,1,1,73,0.0,4,701,,5357,1,1,1,1,0,1,1,0,1,1180.0,True
702,0,0,1,1,1,1,1,0,1,0,1,1,1,1,1,1,0,1,0,1,1,730,0.0,0,702,,5364,1,1,1,0,1,0,1,0,1,240.0,True
703,0,0,1,1,1,1,1,0,1,0,1,1,1,1,1,1,0,1,0,1,1,731,0.0,1,703,,5371,1,1,1,0,1,0,1,0,1,220.0,True
704,0,0,1,1,1,1,1,0,1,0,1,1,1,1,1,1,0,1,0,1,1,732,0.0,1,704,,5378,1,1,1,0,1,0,1,0,1,1160.0,True
705,0,0,1,1,1,1,1,0,1,0,1,1,1,1,1,1,0,1,0,1,1,733,0.0,1,705,,5385,1,1,1,0,1,0,1,0,1,240.0,True
706,0,0,1,1,1,1,1,0,1,0,1,1,1,1,1,1,0,1,0,1,1,734,0.0,0,706,,5392,1,1,1,0,1,0,1,0,1,260.0,True
707,0,1,0,1,1,1,1,1,1,0,1,1,1,1,1,1,1,1,0,1,1,735,0.0,0,707,,5400,1,1,1,1,0,1,1,0,1,220.0,True
708,0,0,1,1,1,1,1,0,1,0,1,1,1,1,1,1,0,1,0,1,1,736,0.0,1,708,,5407,1,1,1,0,1,0,1,0,1,210.0,True
709,0,1,0,1,1,1,1,1,1,0,1,1,1,1,1,1,1,1,0,1,1,737,0.0,1,709,,5415,1,1,1,1,0,1,1,0,1,220.0,True
710,0,1,0,1,1,1,1,1,1,0,1,1,1,1,1,1,1,1,0,1,1,738,0.0,1,710,,5423,1,1,1,1,0,1,1,0,1,260.0,True
711,0,1,0,1,1,1,1,1,1,0,1,1,1,1,1,1,1,1,0,1,1,739,0.0,1,711,,5431,1,1,1,1,0,1,1,0,1,240.0,True
712,0,0,1,1,1,1,1,0,1,0,1,1,1,1,1,1,0,1,0,1,1,74,0.0,4,712,,5438,1,1,1,0,1,0,1,0,1,200.0,True
713,0,1,0,1,1,1,1,1,1,0,1,1,1,1,1,1,1,1,0,1,1,740,0.0,1,713,,5446,1,1,1,1,0,1,1,0,1,220.0,True
714,0,1,0,1,1,1,1,1,1,0,1,1,1,1,1,1,1,1,0,1,1,741,0.0,1,714,,5454,1,1,1,1,0,1,1,0,1,240.0,True
715,0,0,1,1,1,1,1,0,1,0,1,1,1,1,1,1,0,1,0,1,1,742,0.0,1,715,,5461,1,1,1,0,1,0,1,0,1,4060.0,True
716,0,1,0,1,1,1,1,1,1,0,1,1,1,1,1,1,1,1,0,1,1,743,0.0,1,716,,5469,1,1,1,1,0,1,1,0,1,4040.0,True
717,1,0,0,1,1,1,1,1,1,1,1,1,1,1,1,1,1,1,1,1,1,744,30.0,1,717,Inserted_Activity_resource,5478,1,1,1,1,0,1,1,1,1,4080.0,True
718,0,1,0,1,1,1,1,1,1,0,1,1,1,1,1,1,1,1,0,1,1,745,0.0,1,718,,5486,1,1,1,1,0,1,1,0,1,260.0,True
719,0,0,1,1,1,1,1,0,1,0,1,1,1,1,1,1,0,1,0,1,1,746,0.0,1,719,,5493,1,1,1,0,1,0,1,0,1,220.0,True
720,0,0,1,1,1,1,1,0,1,0,1,1,1,1,1,1,0,1,0,1,1,747,0.0,2,720,,5500,1,1,1,0,1,0,1,0,1,4020.0,True
721,0,0,1,1,1,1,1,0,1,0,1,1,1,1,1,1,0,1,0,1,1,748,0.0,2,721,,5507,1,1,1,0,1,0,1,0,1,220.0,True
722,0,0,1,1,1,1,1,0,1,0,1,1,1,1,1,1,0,1,0,1,1,749,0.0,2,722,,5514,1,1,1,0,1,0,1,0,1,260.0,True
723,0,0,1,1,1,1,1,0,1,0,1,1,1,1,1,1,0,1,0,1,1,75,0.0,0,723,,5521,1,1,1,0,1,0,1,0,1,240.0,True
724,0,1,0,1,1,1,1,1,1,0,1,1,1,1,1,1,1,1,0,1,1,750,0.0,1,724,,5529,1,1,1,1,0,1,1,0,1,200.0,True
725,0,1,0,1,1,1,1,1,1,0,1,1,1,1,1,1,1,1,0,1,1,751,0.0,1,725,,5537,1,1,1,1,0,1,1,0,1,220.0,True
726,0,0,1,1,1,1,1,0,1,0,1,1,1,1,1,1,0,1,0,1,1,752,0.0,2,726,,5544,1,1,1,0,1,0,1,0,1,240.0,True
727,0,1,0,1,1,1,1,1,1,0,1,1,1,1,1,1,1,1,0,1,1,753,0.0,2,727,,5552,1,1,1,1,0,1,1,0,1,220.0,True
728,0,0,1,1,1,1,1,0,1,0,1,1,1,1,1,1,0,1,0,1,1,754,0.0,2,728,,5559,1,1,1,0,1,0,1,0,1,200.0,True
729,0,1,0,1,1,1,1,1,1,0,1,1,1,1,1,1,1,1,0,1,1,755,0.0,2,729,,5567,1,1,1,1,0,1,1,0,1,240.0,True
730,1,0,0,1,1,1,1,1,1,1,1,1,1,1,1,1,1,1,1,1,1,756,30.0,2,730,Inserted_Activity_resource,5576,1,1,1,1,0,1,1,1,1,260.0,True
731,0,1,0,1,1,1,1,1,1,0,1,1,1,1,1,1,1,1,0,1,1,757,0.0,2,731,,5584,1,1,1,1,0,1,1,0,1,1180.0,True
732,0,0,1,1,1,1,1,0,1,0,1,1,1,1,1,1,0,1,0,1,1,758,0.0,2,732,,5591,1,1,1,0,1,0,1,0,1,1140.0,True
733,0,1,0,1,1,1,1,1,1,0,1,1,1,1,1,1,1,1,0,1,1,759,0.0,2,733,,5599,1,1,1,1,0,1,1,0,1,1180.0,True
734,0,0,1,1,1,1,1,0,1,0,1,1,1,1,1,1,0,1,0,1,1,76,0.0,0,734,,5606,1,1,1,0,1,0,1,0,1,260.0,True
735,0,1,0,1,1,1,1,1,1,0,1,1,1,1,1,1,1,1,0,1,1,760,0.0,2,735,,5614,1,1,1,1,0,1,1,0,1,240.0,True
736,0,1,0,1,1,1,1,1,1,0,1,1,1,1,1,1,1,1,0,1,1,761,0.0,2,736,,5622,1,1,1,1,0,1,1,0,1,1160.0,True
737,0,1,0,1,1,1,1,1,1,0,1,1,1,1,1,1,1,1,0,1,1,762,0.0,2,737,,5630,1,1,1,1,0,1,1,0,1,220.0,True
738,0,0,1,1,1,1,1,0,1,0,1,1,1,1,1,1,0,1,0,1,1,763,0.0,3,738,,5637,1,1,1,0,1,0,1,0,1,240.0,True
739,0,0,1,1,1,1,1,0,1,0,1,1,1,1,1,1,0,1,0,1,1,764,0.0,3,739,,5644,1,1,1,0,1,0,1,0,1,220.0,True
740,0,0,1,1,1,1,1,0,1,0,1,1,1,1,1,1,0,1,0,1,1,765,0.0,3,740,,5651,1,1,1,0,1,0,1,0,1,200.0,True
741,0,0,1,1,1,1,1,0,1,0,1,1,1,1,1,1,0,1,0,1,1,766,0.0,2,741,,5658,1,1,1,0,1,0,1,0,1,240.0,True
742,0,1,0,1,1,1,1,1,1,0,1,1,1,1,1,1,1,1,0,1,1,767,0.0,2,742,,5666,1,1,1,1,0,1,1,0,1,260.0,True
743,0,0,1,1,1,1,1,0,1,0,1,1,1,1,1,1,0,1,0,1,1,768,0.0,3,743,,5673,1,1,1,0,1,0,1,0,1,220.0,True
744,0,1,0,1,1,1,1,1,1,0,1,1,1,1,1,1,1,1,0,1,1,769,0.0,3,744,,5681,1,1,1,1,0,1,1,0,1,210.0,True
745,0,0,1,1,1,1,1,0,1,0,1,1,1,1,1,1,0,1,0,1,1,77,0.0,0,745,,5688,1,1,1,0,1,0,1,0,1,220.0,True
746,0,0,1,1,1,1,1,0,1,0,1,1,1,1,1,1,0,1,0,1,1,770,0.0,3,746,,5695,1,1,1,0,1,0,1,0,1,260.0,True
747,0,1,0,1,1,1,1,1,1,0,1,1,1,1,1,1,1,1,0,1,1,771,0.0,3,747,,5703,1,1,1,1,0,1,1,0,1,1200.0,True
748,0,1,0,1,1,1,1,1,1,0,1,1,1,1,1,1,1,1,0,1,1,772,0.0,3,748,,5711,1,1,1,1,0,1,1,0,1,1160.0,True
749,0,1,0,1,1,1,1,1,1,0,1,1,1,1,1,1,1,1,0,1,1,773,0.0,3,749,,5719,1,1,1,1,0,1,1,0,1,1180.0,True
750,0,1,0,1,1,1,1,1,1,0,1,1,1,1,1,1,1,1,0,1,1,774,0.0,3,750,,5727,1,1,1,1,0,1,1,0,1,240.0,True
751,0,1,0,1,1,1,1,1,1,0,1,1,1,1,1,1,1,1,0,1,1,775,0.0,3,751,,5735,1,1,1,1,0,1,1,0,1,220.0,True
752,0,1,0,1,1,1,1,1,1,0,1,1,1,1,1,1,1,1,0,1,1,776,0.0,3,752,,5743,1,1,1,1,0,1,1,0,1,1160.0,True
753,0,1,0,1,1,1,1,1,1,0,1,1,1,1,1,1,1,1,0,1,1,777,0.0,3,753,,5751,1,1,1,1,0,1,1,0,1,240.0,True
754,0,0,1,1,1,1,1,0,1,0,1,1,1,1,1,1,0,1,0,1,1,778,0.0,3,754,,5758,1,1,1,0,1,0,1,0,1,260.0,True
755,0,0,1,1,1,1,1,0,1,0,1,1,1,1,1,1,0,1,0,1,1,779,0.0,4,755,,5765,1,1,1,0,1,0,1,0,1,220.0,True
756,0,1,0,1,1,1,1,1,1,0,1,1,1,1,1,1,1,1,0,1,1,78,0.0,4,756,,5773,1,1,1,1,0,1,1,0,1,210.0,True
757,0,0,1,1,1,1,1,0,1,0,1,1,1,1,1,1,0,1,0,1,1,780,0.0,4,757,,5780,1,1,1,0,1,0,1,0,1,220.0,True
758,0,0,1,1,1,1,1,0,1,0,1,1,1,1,1,1,0,1,0,1,1,781,0.0,4,758,,5787,1,1,1,0,1,0,1,0,1,260.0,True
759,0,0,1,1,1,1,1,0,1,0,1,1,1,1,1,1,0,1,0,1,1,782,0.0,3,759,,5794,1,1,1,0,1,0,1,0,1,240.0,True
760,0,1,0,1,1,1,1,1,1,0,1,1,1,1,1,1,1,1,0,1,1,783,0.0,3,760,,5802,1,1,1,1,0,1,1,0,1,200.0,True
761,0,0,1,1,1,1,1,0,1,0,1,1,1,1,1,1,0,1,0,1,1,784,0.0,4,761,,5809,1,1,1,0,1,0,1,0,1,220.0,True
762,0,1,0,1,1,1,1,1,1,0,1,1,1,1,1,1,1,1,0,1,1,785,0.0,4,762,,5817,1,1,1,1,0,1,1,0,1,240.0,True
763,0,1,0,1,1,1,1,1,1,0,1,1,1,1,1,1,1,1,0,1,1,786,0.0,4,763,,5825,1,1,1,1,0,1,1,0,1,1180.0,True
764,0,1,0,1,1,1,1,1,1,0,1,1,1,1,1,1,1,1,0,1,1,787,0.0,4,764,,5833,1,1,1,1,0,1,1,0,1,1160.0,True
765,0,1,0,1,1,1,1,1,1,0,1,1,1,1,1,1,1,1,0,1,1,788,0.0,4,765,,5841,1,1,1,1,0,1,1,0,1,1200.0,True
766,0,1,0,1,1,1,1,1,1,0,1,1,1,1,1,1,1,1,0,1,1,789,0.0,4,766,,5849,1,1,1,1,0,1,1,0,1,260.0,True
767,0,1,0,1,1,1,1,1,1,0,1,1,1,1,1,1,1,1,0,1,1,79,0.0,4,767,,5857,1,1,1,1,0,1,1,0,1,220.0,True
768,0,0,1,1,1,1,1,0,1,0,1,1,1,1,1,1,0,1,0,1,1,790,0.0,4,768,,5864,1,1,1,0,1,0,1,0,1,1140.0,True
769,0,1,0,1,1,1,1,1,1,0,1,1,1,1,1,1,1,1,0,1,1,791,0.0,4,769,,5872,1,1,1,1,0,1,1,0,1,220.0,True
770,1,0,0,1,1,1,1,1,1,1,1,1,1,1,1,1,1,1,1,1,1,792,30.0,4,770,Inserted_Activity_resource,5881,1,1,1,1,0,1,1,1,1,260.0,True
771,0,1,0,1,1,1,1,1,1,0,1,1,1,1,1,1,1,1,0,1,1,793,0.0,4,771,,5889,1,1,1,1,0,1,1,0,1,240.0,True
772,0,0,1,1,1,1,1,0,1,0,1,1,1,1,1,1,0,1,0,1,1,794,0.0,4,772,,5896,1,1,1,0,1,0,1,0,1,200.0,True
773,0,0,1,1,1,1,1,0,1,0,1,1,1,1,1,1,0,1,0,1,1,795,0.0,0,773,,5903,1,1,1,0,1,0,1,0,1,220.0,True
774,0,0,1,1,1,1,1,0,1,0,1,1,1,1,1,1,0,1,0,1,1,796,0.0,0,774,,5910,1,1,1,0,1,0,1,0,1,240.0,True
775,0,0,1,1,1,1,1,0,1,0,1,1,1,1,1,1,0,1,0,1,1,797,0.0,0,775,,5917,1,1,1,0,1,0,1,0,1,220.0,True
776,0,1,0,1,1,1,1,1,1,0,1,1,1,1,1,1,1,1,0,1,1,798,0.0,4,776,,5925,1,1,1,1,0,1,1,0,1,200.0,True
777,0,1,0,1,1,1,1,1,1,0,1,1,1,1,1,1,1,1,0,1,1,799,0.0,4,777,,5933,1,1,1,1,0,1,1,0,1,240.0,True
778,0,1,0,1,1,1,1,1,1,0,1,1,1,1,1,1,1,1,0,1,1,8,0.0,0,778,,5941,1,1,1,1,0,1,1,0,1,260.0,True
779,0,0,1,1,1,1,1,0,1,0,1,1,1,1,1,1,0,1,0,1,1,80,0.0,0,779,,5948,1,1,1,0,1,0,1,0,1,1180.0,True
780,0,0,1,1,1,1,1,0,1,0,1,1,1,1,1,1,0,1,0,1,1,800,0.0,0,780,,5955,1,1,1,0,1,0,1,0,1,1140.0,True
781,0,1,0,1,1,1,1,1,1,0,1,1,1,1,1,1,1,1,0,1,1,801,0.0,0,781,,5963,1,1,1,1,0,1,1,0,1,1180.0,True
782,0,0,1,1,1,1,1,0,1,0,1,1,1,1,1,1,0,1,0,1,1,802,0.0,0,782,,5970,1,1,1,0,1,0,1,0,1,260.0,True
783,0,1,0,1,1,1,1,1,1,0,1,1,1,1,1,1,1,1,0,1,1,803,0.0,0,783,,5978,1,1,1,1,0,1,1,0,1,240.0,True
784,1,0,0,1,1,1,1,1,1,1,1,1,1,1,1,1,1,1,1,1,1,804,30.0,0,784,Inserted_Activity_resource,5987,1,1,1,1,0,1,1,1,1,1160.0,True
785,0,1,0,1,1,1,1,1,1,0,1,1,1,1,1,1,1,1,0,1,1,805,0.0,0,785,,5995,1,1,1,1,0,1,1,0,1,220.0,True
786,0,0,1,1,1,1,1,0,1,0,1,1,1,1,1,1,0,1,0,1,1,806,0.0,0,786,,6002,1,1,1,0,1,0,1,0,1,240.0,True
787,0,1,0,1,1,1,1,1,1,0,1,1,1,1,1,1,1,1,0,1,1,807,0.0,0,787,,6010,1,1,1,1,0,1,1,0,1,220.0,True
788,0,1,0,1,1,1,1,1,1,0,1,1,1,1,1,1,1,1,0,1,1,808,0.0,0,788,,6018,1,1,1,1,0,1,1,0,1,200.0,True
789,0,1,0,1,1,1,1,1,1,0,1,1,1,1,1,1,1,1,0,1,1,809,0.0,0,789,,6026,1,1,1,1,0,1,1,0,1,240.0,True
790,0,1,0,1,1,1,1,1,1,0,1,1,1,1,1,1,1,1,0,1,1,81,0.0,0,790,,6034,1,1,1,1,0,1,1,0,1,260.0,True
791,0,1,0,1,1,1,1,1,1,0,1,1,1,1,1,1,1,1,0,1,1,810,0.0,0,791,,6042,1,1,1,1,0,1,1,0,1,220.0,True
792,0,0,1,1,1,1,1,0,1,0,1,1,1,1,1,1,0,1,0,1,1,811,0.0,1,792,,6049,1,1,1,0,1,0,1,0,1,210.0,True
793,0,0,1,1,1,1,1,0,1,0,1,1,1,1,1,1,0,1,0,1,1,812,0.0,1,793,,6056,1,1,1,0,1,0,1,0,1,220.0,True
794,0,0,1,1,1,1,1,0,1,0,1,1,1,1,1,1,0,1,0,1,1,813,0.0,1,794,,6063,1,1,1,0,1,0,1,0,1,260.0,True
795,0,0,1,1,1,1,1,0,1,0,1,1,1,1,1,1,0,1,0,1,1,814,0.0,0,795,,6070,1,1,1,0,1,0,1,0,1,4080.0,True
796,0,1,0,1,1,1,1,1,1,0,1,1,1,1,1,1,1,1,0,1,1,815,0.0,0,796,,6078,1,1,1,1,0,1,1,0,1,4040.0,True
797,0,0,1,1,1,1,1,0,1,0,1,1,1,1,1,1,0,1,0,1,1,816,0.0,1,797,,6085,1,1,1,0,1,0,1,0,1,4060.0,True
798,0,1,0,1,1,1,1,1,1,0,1,1,1,1,1,1,1,1,0,1,1,817,0.0,1,798,,6093,1,1,1,1,0,1,1,0,1,240.0,True
799,0,0,1,1,1,1,1,0,1,0,1,1,1,1,1,1,0,1,0,1,1,818,0.0,1,799,,6100,1,1,1,0,1,0,1,0,1,220.0,True
800,0,1,0,1,1,1,1,1,1,0,1,1,1,1,1,1,1,1,0,1,1,819,0.0,1,800,,6108,1,1,1,1,0,1,1,0,1,4040.0,True
801,0,0,1,1,1,1,1,0,1,0,1,1,1,1,1,1,0,1,0,1,1,82,0.0,0,801,,6115,1,1,1,0,1,0,1,0,1,240.0,True
802,0,1,0,1,1,1,1,1,1,0,1,1,1,1,1,1,1,1,0,1,1,820,0.0,1,802,,6123,1,1,1,1,0,1,1,0,1,260.0,True
803,0,1,0,1,1,1,1,1,1,0,1,1,1,1,1,1,1,1,0,1,1,821,0.0,1,803,,6131,1,1,1,1,0,1,1,0,1,220.0,True
804,0,1,0,1,1,1,1,1,1,0,1,1,1,1,1,1,1,1,0,1,1,822,0.0,1,804,,6139,1,1,1,1,0,1,1,0,1,210.0,True
805,0,1,0,1,1,1,1,1,1,0,1,1,1,1,1,1,1,1,0,1,1,823,0.0,1,805,,6147,1,1,1,1,0,1,1,0,1,220.0,True
806,0,1,0,1,1,1,1,1,1,0,1,1,1,1,1,1,1,1,0,1,1,824,0.0,1,806,,6155,1,1,1,1,0,1,1,0,1,260.0,True
807,0,1,0,1,1,1,1,1,1,0,1,1,1,1,1,1,1,1,0,1,1,825,0.0,1,807,,6163,1,1,1,1,0,1,1,0,1,240.0,True
808,0,0,1,1,1,1,1,0,1,0,1,1,1,1,1,1,0,1,0,1,1,826,0.0,1,808,,6170,1,1,1,0,1,0,1,0,1,200.0,True
809,0,0,1,1,1,1,1,0,1,0,1,1,1,1,1,1,0,1,0,1,1,827,0.0,2,809,,6177,1,1,1,0,1,0,1,0,1,220.0,True
810,0,0,1,1,1,1,1,0,1,0,1,1,1,1,1,1,0,1,0,1,1,828,0.0,2,810,,6184,1,1,1,0,1,0,1,0,1,240.0,True
811,0,0,1,1,1,1,1,0,1,0,1,1,1,1,1,1,0,1,0,1,1,829,0.0,2,811,,6191,1,1,1,0,1,0,1,0,1,1180.0,True
812,0,1,0,1,1,1,1,1,1,0,1,1,1,1,1,1,1,1,0,1,1,83,0.0,0,812,,6199,1,1,1,1,0,1,1,0,1,1160.0,True
813,0,0,1,1,1,1,1,0,1,0,1,1,1,1,1,1,0,1,0,1,1,830,0.0,1,813,,6206,1,1,1,0,1,0,1,0,1,1200.0,True
814,0,1,0,1,1,1,1,1,1,0,1,1,1,1,1,1,1,1,0,1,1,831,0.0,1,814,,6214,1,1,1,1,0,1,1,0,1,260.0,True
815,0,0,1,1,1,1,1,0,1,0,1,1,1,1,1,1,0,1,0,1,1,832,0.0,2,815,,6221,1,1,1,0,1,0,1,0,1,220.0,True
816,0,1,0,1,1,1,1,1,1,0,1,1,1,1,1,1,1,1,0,1,1,833,0.0,2,816,,6229,1,1,1,1,0,1,1,0,1,1140.0,True
817,0,1,0,1,1,1,1,1,1,0,1,1,1,1,1,1,1,1,0,1,1,834,0.0,2,817,,6237,1,1,1,1,0,1,1,0,1,220.0,True
818,0,1,0,1,1,1,1,1,1,0,1,1,1,1,1,1,1,1,0,1,1,835,0.0,2,818,,6245,1,1,1,1,0,1,1,0,1,260.0,True
819,0,1,0,1,1,1,1,1,1,0,1,1,1,1,1,1,1,1,0,1,1,836,0.0,2,819,,6253,1,1,1,1,0,1,1,0,1,240.0,True
820,0,1,0,1,1,1,1,1,1,0,1,1,1,1,1,1,1,1,0,1,1,837,0.0,2,820,,6261,1,1,1,1,0,1,1,0,1,200.0,True
821,0,0,1,1,1,1,1,0,1,0,1,1,1,1,1,1,0,1,0,1,1,838,0.0,2,821,,6268,1,1,1,0,1,0,1,0,1,220.0,True
822,0,1,0,1,1,1,1,1,1,0,1,1,1,1,1,1,1,1,0,1,1,839,0.0,2,822,,6276,1,1,1,1,0,1,1,0,1,240.0,True
823,1,0,0,1,1,1,1,1,1,1,1,1,1,1,1,1,1,1,1,1,1,84,30.0,0,823,Inserted_Activity_resource,6285,1,1,1,1,0,1,1,1,1,220.0,True
824,1,0,0,1,1,1,1,1,1,1,1,1,1,1,1,1,1,1,1,1,1,840,30.0,2,824,Inserted_Activity_resource,6294,1,1,1,1,0,1,1,1,1,200.0,True
825,0,1,0,1,1,1,1,1,1,0,1,1,1,1,1,1,1,1,0,1,1,841,0.0,2,825,,6302,1,1,1,1,0,1,1,0,1,240.0,True
826,0,0,1,1,1,1,1,0,1,0,1,1,1,1,1,1,0,1,0,1,1,842,0.0,2,826,,6309,1,1,1,0,1,0,1,0,1,260.0,True
827,0,0,1,1,1,1,1,0,1,0,1,1,1,1,1,1,0,1,0,1,1,843,0.0,3,827,,6316,1,1,1,0,1,0,1,0,1,1180.0,True
828,0,0,1,1,1,1,1,0,1,0,1,1,1,1,1,1,0,1,0,1,1,844,0.0,3,828,,6323,1,1,1,0,1,0,1,0,1,1140.0,True
829,0,0,1,1,1,1,1,0,1,0,1,1,1,1,1,1,0,1,0,1,1,845,0.0,3,829,,6330,1,1,1,0,1,0,1,0,1,1180.0,True
830,0,1,0,1,1,1,1,1,1,0,1,1,1,1,1,1,1,1,0,1,1,846,0.0,2,830,,6338,1,1,1,1,0,1,1,0,1,260.0,True
831,0,1,0,1,1,1,1,1,1,0,1,1,1,1,1,1,1,1,0,1,1,847,0.0,2,831,,6346,1,1,1,1,0,1,1,0,1,240.0,True
832,0,0,1,1,1,1,1,0,1,0,1,1,1,1,1,1,0,1,0,1,1,848,0.0,3,832,,6353,1,1,1,0,1,0,1,0,1,1160.0,True
833,0,1,0,1,1,1,1,1,1,0,1,1,1,1,1,1,1,1,0,1,1,849,0.0,3,833,,6361,1,1,1,1,0,1,1,0,1,220.0,True
834,0,1,0,1,1,1,1,1,1,0,1,1,1,1,1,1,1,1,0,1,1,85,0.0,0,834,,6369,1,1,1,1,0,1,1,0,1,240.0,True
835,0,0,1,1,1,1,1,0,1,0,1,1,1,1,1,1,0,1,0,1,1,850,0.0,3,835,,6376,1,1,1,0,1,0,1,0,1,220.0,True
836,0,1,0,1,1,1,1,1,1,0,1,1,1,1,1,1,1,1,0,1,1,851,0.0,3,836,,6384,1,1,1,1,0,1,1,0,1,200.0,True
837,1,0,0,1,1,1,1,1,1,1,1,1,1,1,1,1,1,1,1,1,1,852,30.0,3,837,Inserted_Activity_resource,6393,1,1,1,1,0,1,1,1,1,240.0,True
838,0,1,0,1,1,1,1,1,1,0,1,1,1,1,1,1,1,1,0,1,1,853,0.0,3,838,,6401,1,1,1,1,0,1,1,0,1,260.0,True
839,0,0,1,1,1,1,1,0,1,0,1,1,1,1,1,1,0,1,0,1,1,854,0.0,3,839,,6408,1,1,1,0,1,0,1,0,1,220.0,True
840,0,1,0,1,1,1,1,1,1,0,1,1,1,1,1,1,1,1,0,1,1,855,0.0,3,840,,6416,1,1,1,1,0,1,1,0,1,210.0,True
841,0,1,0,1,1,1,1,1,1,0,1,1,1,1,1,1,1,1,0,1,1,856,0.0,3,841,,6424,1,1,1,1,0,1,1,0,1,220.0,True
842,0,1,0,1,1,1,1,1,1,0,1,1,1,1,1,1,1,1,0,1,1,857,0.0,3,842,,6432,1,1,1,1,0,1,1,0,1,260.0,True
843,0,1,0,1,1,1,1,1,1,0,1,1,1,1,1,1,1,1,0,1,1,858,0.0,3,843,,6440,1,1,1,1,0,1,1,0,1,1200.0,True
844,0,0,1,1,1,1,1,0,1,0,1,1,1,1,1,1,0,1,0,1,1,859,0.0,4,844,,6447,1,1,1,0,1,0,1,0,1,1160.0,True
845,0,0,1,1,1,1,1,0,1,0,1,1,1,1,1,1,0,1,0,1,1,86,0.0,0,845,,6454,1,1,1,0,1,0,1,0,1,1180.0,True
846,0,0,1,1,1,1,1,0,1,0,1,1,1,1,1,1,0,1,0,1,1,860,0.0,4,846,,6461,1,1,1,0,1,0,1,0,1,240.0,True
847,0,0,1,1,1,1,1,0,1,0,1,1,1,1,1,1,0,1,0,1,1,861,0.0,4,847,,6468,1,1,1,0,1,0,1,0,1,220.0,True
848,0,0,1,1,1,1,1,0,1,0,1,1,1,1,1,1,0,1,0,1,1,862,0.0,3,848,,6475,1,1,1,0,1,0,1,0,1,1160.0,True
849,0,1,0,1,1,1,1,1,1,0,1,1,1,1,1,1,1,1,0,1,1,863,0.0,3,849,,6483,1,1,1,1,0,1,1,0,1,240.0,True
850,0,0,1,1,1,1,1,0,1,0,1,1,1,1,1,1,0,1,0,1,1,864,0.0,4,850,,6490,1,1,1,0,1,0,1,0,1,260.0,True
851,0,1,0,1,1,1,1,1,1,0,1,1,1,1,1,1,1,1,0,1,1,865,0.0,4,851,,6498,1,1,1,1,0,1,1,0,1,220.0,True
852,0,0,1,1,1,1,1,0,1,0,1,1,1,1,1,1,0,1,0,1,1,866,0.0,4,852,,6505,1,1,1,0,1,0,1,0,1,210.0,True
853,0,1,0,1,1,1,1,1,1,0,1,1,1,1,1,1,1,1,0,1,1,867,0.0,4,853,,6513,1,1,1,1,0,1,1,0,1,220.0,True
854,0,1,0,1,1,1,1,1,1,0,1,1,1,1,1,1,1,1,0,1,1,868,0.0,4,854,,6521,1,1,1,1,0,1,1,0,1,260.0,True
855,0,1,0,1,1,1,1,1,1,0,1,1,1,1,1,1,1,1,0,1,1,869,0.0,4,855,,6529,1,1,1,1,0,1,1,0,1,240.0,True
856,0,1,0,1,1,1,1,1,1,0,1,1,1,1,1,1,1,1,0,1,1,87,0.0,0,856,,6537,1,1,1,1,0,1,1,0,1,200.0,True
857,0,1,0,1,1,1,1,1,1,0,1,1,1,1,1,1,1,1,0,1,1,870,0.0,4,857,,6545,1,1,1,1,0,1,1,0,1,220.0,True
858,0,1,0,1,1,1,1,1,1,0,1,1,1,1,1,1,1,1,0,1,1,871,0.0,4,858,,6553,1,1,1,1,0,1,1,0,1,240.0,True
859,0,1,0,1,1,1,1,1,1,0,1,1,1,1,1,1,1,1,0,1,1,872,0.0,4,859,,6561,1,1,1,1,0,1,1,0,1,1180.0,True
860,0,1,0,1,1,1,1,1,1,0,1,1,1,1,1,1,1,1,0,1,1,873,0.0,4,860,,6569,1,1,1,1,0,1,1,0,1,1160.0,True
861,0,0,1,1,1,1,1,0,1,0,1,1,1,1,1,1,0,1,0,1,1,874,0.0,4,861,,6576,1,1,1,0,1,0,1,0,1,1200.0,True
862,0,0,1,1,1,1,1,0,1,0,1,1,1,1,1,1,0,1,0,1,1,875,0.0,0,862,,6583,1,1,1,0,1,0,1,0,1,260.0,True
863,0,0,1,1,1,1,1,0,1,0,1,1,1,1,1,1,0,1,0,1,1,876,0.0,0,863,,6590,1,1,1,0,1,0,1,0,1,220.0,True
864,0,0,1,1,1,1,1,0,1,0,1,1,1,1,1,1,0,1,0,1,1,877,0.0,0,864,,6597,1,1,1,0,1,0,1,0,1,1140.0,True
865,0,0,1,1,1,1,1,0,1,0,1,1,1,1,1,1,0,1,0,1,1,878,0.0,4,865,,6604,1,1,1,0,1,0,1,0,1,220.0,True
866,0,1,0,1,1,1,1,1,1,0,1,1,1,1,1,1,1,1,0,1,1,879,0.0,4,866,,6612,1,1,1,1,0,1,1,0,1,260.0,True
867,0,1,0,1,1,1,1,1,1,0,1,1,1,1,1,1,1,1,0,1,1,88,0.0,0,867,,6620,1,1,1,1,0,1,1,0,1,240.0,True
868,0,0,1,1,1,1,1,0,1,0,1,1,1,1,1,1,0,1,0,1,1,880,0.0,0,868,,6627,1,1,1,0,1,0,1,0,1,200.0,True
869,0,1,0,1,1,1,1,1,1,0,1,1,1,1,1,1,1,1,0,1,1,881,0.0,0,869,,6635,1,1,1,1,0,1,1,0,1,220.0,True
870,0,1,0,1,1,1,1,1,1,0,1,1,1,1,1,1,1,1,0,1,1,882,0.0,0,870,,6643,1,1,1,1,0,1,1,0,1,240.0,True
871,0,1,0,1,1,1,1,1,1,0,1,1,1,1,1,1,1,1,0,1,1,883,0.0,0,871,,6651,1,1,1,1,0,1,1,0,1,220.0,True
872,0,1,0,1,1,1,1,1,1,0,1,1,1,1,1,1,1,1,0,1,1,884,0.0,0,872,,6659,1,1,1,1,0,1,1,0,1,200.0,True
873,0,1,0,1,1,1,1,1,1,0,1,1,1,1,1,1,1,1,0,1,1,885,0.0,0,873,,6667,1,1,1,1,0,1,1,0,1,240.0,True
874,0,0,1,1,1,1,1,0,1,0,1,1,1,1,1,1,0,1,0,1,1,886,0.0,0,874,,6674,1,1,1,0,1,0,1,0,1,260.0,True
875,0,1,0,1,1,1,1,1,1,0,1,1,1,1,1,1,1,1,0,1,1,887,0.0,0,875,,6682,1,1,1,1,0,1,1,0,1,4060.0,True
876,1,0,0,1,1,1,1,1,1,1,1,1,1,1,1,1,1,1,1,1,1,888,30.0,0,876,Inserted_Activity_resource,6691,1,1,1,1,0,1,1,1,1,4020.0,True
877,0,1,0,1,1,1,1,1,1,0,1,1,1,1,1,1,1,1,0,1,1,889,0.0,0,877,,6699,1,1,1,1,0,1,1,0,1,4060.0,True
878,0,1,0,1,1,1,1,1,1,0,1,1,1,1,1,1,1,1,0,1,1,89,0.0,0,878,,6707,1,1,1,1,0,1,1,0,1,260.0,True
879,0,0,1,1,1,1,1,0,1,0,1,1,1,1,1,1,0,1,0,1,1,890,0.0,0,879,,6714,1,1,1,0,1,0,1,0,1,240.0,True
880,0,0,1,1,1,1,1,0,1,0,1,1,1,1,1,1,0,1,0,1,1,891,0.0,1,880,,6721,1,1,1,0,1,0,1,0,1,4040.0,True
881,0,0,1,1,1,1,1,0,1,0,1,1,1,1,1,1,0,1,0,1,1,892,0.0,1,881,,6728,1,1,1,0,1,0,1,0,1,220.0,True
882,0,0,1,1,1,1,1,0,1,0,1,1,1,1,1,1,0,1,0,1,1,893,0.0,1,882,,6735,1,1,1,0,1,0,1,0,1,240.0,True
883,0,1,0,1,1,1,1,1,1,0,1,1,1,1,1,1,1,1,0,1,1,894,0.0,0,883,,6743,1,1,1,1,0,1,1,0,1,220.0,True
884,0,1,0,1,1,1,1,1,1,0,1,1,1,1,1,1,1,1,0,1,1,895,0.0,0,884,,6751,1,1,1,1,0,1,1,0,1,200.0,True
885,0,0,1,1,1,1,1,0,1,0,1,1,1,1,1,1,0,1,0,1,1,896,0.0,1,885,,6758,1,1,1,0,1,0,1,0,1,240.0,True
886,0,1,0,1,1,1,1,1,1,0,1,1,1,1,1,1,1,1,0,1,1,897,0.0,1,886,,6766,1,1,1,1,0,1,1,0,1,260.0,True
887,0,0,1,1,1,1,1,0,1,0,1,1,1,1,1,1,0,1,0,1,1,898,0.0,1,887,,6773,1,1,1,0,1,0,1,0,1,220.0,True
888,0,1,0,1,1,1,1,1,1,0,1,1,1,1,1,1,1,1,0,1,1,899,0.0,1,888,,6781,1,1,1,1,0,1,1,0,1,210.0,True
889,0,1,0,1,1,1,1,1,1,0,1,1,1,1,1,1,1,1,0,1,1,9,0.0,0,889,,6789,1,1,1,1,0,1,1,0,1,220.0,True
890,0,1,0,1,1,1,1,1,1,0,1,1,1,1,1,1,1,1,0,1,1,90,0.0,0,890,,6797,1,1,1,1,0,1,1,0,1,260.0,True
891,1,0,0,1,1,1,1,1,1,1,1,1,1,1,1,1,1,1,1,1,1,900,30.0,1,891,Inserted_Activity_resource,6806,1,1,1,1,0,1,1,1,1,1200.0,True
892,0,1,0,1,1,1,1,1,1,0,1,1,1,1,1,1,1,1,0,1,1,901,0.0,1,892,,6814,1,1,1,1,0,1,1,0,1,1160.0,True
893,0,0,1,1,1,1,1,0,1,0,1,1,1,1,1,1,0,1,0,1,1,902,0.0,1,893,,6821,1,1,1,0,1,0,1,0,1,1180.0,True
894,0,1,0,1,1,1,1,1,1,0,1,1,1,1,1,1,1,1,0,1,1,903,0.0,1,894,,6829,1,1,1,1,0,1,1,0,1,240.0,True
895,0,1,0,1,1,1,1,1,1,0,1,1,1,1,1,1,1,1,0,1,1,904,0.0,1,895,,6837,1,1,1,1,0,1,1,0,1,220.0,True
896,0,1,0,1,1,1,1,1,1,0,1,1,1,1,1,1,1,1,0,1,1,905,0.0,1,896,,6845,1,1,1,1,0,1,1,0,1,1160.0,True
897,0,1,0,1,1,1,1,1,1,0,1,1,1,1,1,1,1,1,0,1,1,906,0.0,1,897,,6853,1,1,1,1,0,1,1,0,1,240.0,True
898,0,0,1,1,1,1,1,0,1,0,1,1,1,1,1,1,0,1,0,1,1,907,0.0,2,898,,6860,1,1,1,0,1,0,1,0,1,260.0,True
899,0,0,1,1,1,1,1,0,1,0,1,1,1,1,1,1,0,1,0,1,1,908,0.0,2,899,,6867,1,1,1,0,1,0,1,0,1,220.0,True
900,0,0,1,1,1,1,1,0,1,0,1,1,1,1,1,1,0,1,0,1,1,909,0.0,2,900,,6874,1,1,1,0,1,0,1,0,1,210.0,True
901,0,0,1,1,1,1,1,0,1,0,1,1,1,1,1,1,0,1,0,1,1,91,0.0,1,901,,6881,1,1,1,0,1,0,1,0,1,220.0,True
902,0,0,1,1,1,1,1,0,1,0,1,1,1,1,1,1,0,1,0,1,1,910,0.0,1,902,,6888,1,1,1,0,1,0,1,0,1,260.0,True
903,0,1,0,1,1,1,1,1,1,0,1,1,1,1,1,1,1,1,0,1,1,911,0.0,1,903,,6896,1,1,1,1,0,1,1,0,1,240.0,True
904,0,0,1,1,1,1,1,0,1,0,1,1,1,1,1,1,0,1,0,1,1,912,0.0,2,904,,6903,1,1,1,0,1,0,1,0,1,200.0,True
905,0,1,0,1,1,1,1,1,1,0,1,1,1,1,1,1,1,1,0,1,1,913,0.0,2,905,,6911,1,1,1,1,0,1,1,0,1,220.0,True
906,0,0,1,1,1,1,1,0,1,0,1,1,1,1,1,1,0,1,0,1,1,914,0.0,2,906,,6918,1,1,1,0,1,0,1,0,1,240.0,True
907,0,1,0,1,1,1,1,1,1,0,1,1,1,1,1,1,1,1,0,1,1,915,0.0,2,907,,6926,1,1,1,1,0,1,1,0,1,1180.0,True
908,0,1,0,1,1,1,1,1,1,0,1,1,1,1,1,1,1,1,0,1,1,916,0.0,2,908,,6934,1,1,1,1,0,1,1,0,1,1160.0,True
909,0,1,0,1,1,1,1,1,1,0,1,1,1,1,1,1,1,1,0,1,1,917,0.0,2,909,,6942,1,1,1,1,0,1,1,0,1,1200.0,True
910,0,1,0,1,1,1,1,1,1,0,1,1,1,1,1,1,1,1,0,1,1,918,0.0,2,910,,6950,1,1,1,1,0,1,1,0,1,260.0,True
911,0,1,0,1,1,1,1,1,1,0,1,1,1,1,1,1,1,1,0,1,1,919,0.0,2,911,,6958,1,1,1,1,0,1,1,0,1,220.0,True
912,0,0,1,1,1,1,1,0,1,0,1,1,1,1,1,1,0,1,0,1,1,92,0.0,1,912,,6965,1,1,1,0,1,0,1,0,1,1140.0,True
913,0,1,0,1,1,1,1,1,1,0,1,1,1,1,1,1,1,1,0,1,1,920,0.0,2,913,,6973,1,1,1,1,0,1,1,0,1,220.0,True
914,0,1,0,1,1,1,1,1,1,0,1,1,1,1,1,1,1,1,0,1,1,921,0.0,2,914,,6981,1,1,1,1,0,1,1,0,1,260.0,True
915,0,0,1,1,1,1,1,0,1,0,1,1,1,1,1,1,0,1,0,1,1,922,0.0,2,915,,6988,1,1,1,0,1,0,1,0,1,240.0,True
916,0,0,1,1,1,1,1,0,1,0,1,1,1,1,1,1,0,1,0,1,1,923,0.0,3,916,,6995,1,1,1,0,1,0,1,0,1,200.0,True
917,0,0,1,1,1,1,1,0,1,0,1,1,1,1,1,1,0,1,0,1,1,924,0.0,3,917,,7002,1,1,1,0,1,0,1,0,1,220.0,True
918,0,0,1,1,1,1,1,0,1,0,1,1,1,1,1,1,0,1,0,1,1,925,0.0,3,918,,7009,1,1,1,0,1,0,1,0,1,240.0,True
919,0,0,1,1,1,1,1,0,1,0,1,1,1,1,1,1,0,1,0,1,1,926,0.0,2,919,,7016,1,1,1,0,1,0,1,0,1,220.0,True
920,0,1,0,1,1,1,1,1,1,0,1,1,1,1,1,1,1,1,0,1,1,927,0.0,2,920,,7024,1,1,1,1,0,1,1,0,1,200.0,True
921,0,0,1,1,1,1,1,0,1,0,1,1,1,1,1,1,0,1,0,1,1,928,0.0,3,921,,7031,1,1,1,0,1,0,1,0,1,240.0,True
922,0,1,0,1,1,1,1,1,1,0,1,1,1,1,1,1,1,1,0,1,1,929,0.0,3,922,,7039,1,1,1,1,0,1,1,0,1,260.0,True
923,0,0,1,1,1,1,1,0,1,0,1,1,1,1,1,1,0,1,0,1,1,93,0.0,1,923,,7046,1,1,1,0,1,0,1,0,1,1180.0,True
924,0,1,0,1,1,1,1,1,1,0,1,1,1,1,1,1,1,1,0,1,1,930,0.0,3,924,,7054,1,1,1,1,0,1,1,0,1,1140.0,True
925,0,1,0,1,1,1,1,1,1,0,1,1,1,1,1,1,1,1,0,1,1,931,0.0,3,925,,7062,1,1,1,1,0,1,1,0,1,1180.0,True
926,0,1,0,1,1,1,1,1,1,0,1,1,1,1,1,1,1,1,0,1,1,932,0.0,3,926,,7070,1,1,1,1,0,1,1,0,1,260.0,True
927,0,1,0,1,1,1,1,1,1,0,1,1,1,1,1,1,1,1,0,1,1,933,0.0,3,927,,7078,1,1,1,1,0,1,1,0,1,240.0,True
928,0,0,1,1,1,1,1,0,1,0,1,1,1,1,1,1,0,1,0,1,1,934,0.0,3,928,,7085,1,1,1,0,1,0,1,0,1,1160.0,True
929,0,1,0,1,1,1,1,1,1,0,1,1,1,1,1,1,1,1,0,1,1,935,0.0,3,929,,7093,1,1,1,1,0,1,1,0,1,220.0,True
930,1,0,0,1,1,1,1,1,1,1,1,1,1,1,1,1,1,1,1,1,1,936,30.0,3,930,Inserted_Activity_resource,7102,1,1,1,1,0,1,1,1,1,240.0,True
931,0,1,0,1,1,1,1,1,1,0,1,1,1,1,1,1,1,1,0,1,1,937,0.0,3,931,,7110,1,1,1,1,0,1,1,0,1,220.0,True
932,0,0,1,1,1,1,1,0,1,0,1,1,1,1,1,1,0,1,0,1,1,938,0.0,3,932,,7117,1,1,1,0,1,0,1,0,1,200.0,True
933,0,0,1,1,1,1,1,0,1,0,1,1,1,1,1,1,0,1,0,1,1,939,0.0,4,933,,7124,1,1,1,0,1,0,1,0,1,240.0,True
934,0,0,1,1,1,1,1,0,1,0,1,1,1,1,1,1,0,1,0,1,1,94,0.0,0,934,,7131,1,1,1,0,1,0,1,0,1,260.0,True
935,0,0,1,1,1,1,1,0,1,0,1,1,1,1,1,1,0,1,0,1,1,940,0.0,4,935,,7138,1,1,1,0,1,0,1,0,1,220.0,True
936,0,0,1,1,1,1,1,0,1,0,1,1,1,1,1,1,0,1,0,1,1,941,0.0,4,936,,7145,1,1,1,0,1,0,1,0,1,210.0,True
937,0,1,0,1,1,1,1,1,1,0,1,1,1,1,1,1,1,1,0,1,1,942,0.0,3,937,,7153,1,1,1,1,0,1,1,0,1,220.0,True
938,0,1,0,1,1,1,1,1,1,0,1,1,1,1,1,1,1,1,0,1,1,943,0.0,3,938,,7161,1,1,1,1,0,1,1,0,1,260.0,True
939,0,0,1,1,1,1,1,0,1,0,1,1,1,1,1,1,0,1,0,1,1,944,0.0,4,939,,7168,1,1,1,0,1,0,1,0,1,1200.0,True
940,0,1,0,1,1,1,1,1,1,0,1,1,1,1,1,1,1,1,0,1,1,945,0.0,4,940,,7176,1,1,1,1,0,1,1,0,1,1160.0,True
941,0,0,1,1,1,1,1,0,1,0,1,1,1,1,1,1,0,1,0,1,1,946,0.0,4,941,,7183,1,1,1,0,1,0,1,0,1,1180.0,True
942,0,1,0,1,1,1,1,1,1,0,1,1,1,1,1,1,1,1,0,1,1,947,0.0,4,942,,7191,1,1,1,1,0,1,1,0,1,240.0,True
943,1,0,0,1,1,1,1,1,1,1,1,1,1,1,1,1,1,1,1,1,1,948,30.0,4,943,Inserted_Activity_resource,7200,1,1,1,1,0,1,1,1,1,220.0,True
944,0,1,0,1,1,1,1,1,1,0,1,1,1,1,1,1,1,1,0,1,1,949,0.0,4,944,,7208,1,1,1,1,0,1,1,0,1,1160.0,True
945,0,1,0,1,1,1,1,1,1,0,1,1,1,1,1,1,1,1,0,1,1,95,0.0,0,945,,7216,1,1,1,1,0,1,1,0,1,240.0,True
946,0,0,1,1,1,1,1,0,1,0,1,1,1,1,1,1,0,1,0,1,1,950,0.0,4,946,,7223,1,1,1,0,1,0,1,0,1,260.0,True
947,0,1,0,1,1,1,1,1,1,0,1,1,1,1,1,1,1,1,0,1,1,951,0.0,4,947,,7231,1,1,1,1,0,1,1,0,1,220.0,True
948,0,1,0,1,1,1,1,1,1,0,1,1,1,1,1,1,1,1,0,1,1,952,0.0,4,948,,7239,1,1,1,1,0,1,1,0,1,210.0,True
949,0,1,0,1,1,1,1,1,1,0,1,1,1,1,1,1,1,1,0,1,1,953,0.0,4,949,,7247,1,1,1,1,0,1,1,0,1,220.0,True
950,0,1,0,1,1,1,1,1,1,0,1,1,1,1,1,1,1,1,0,1,1,954,0.0,4,950,,7255,1,1,1,1,0,1,1,0,1,260.0,True
951,0,0,1,1,1,1,1,0,1,0,1,1,1,1,1,1,0,1,0,1,1,955,0.0,0,951,,7262,1,1,1,0,1,0,1,0,1,240.0,True
952,0,0,1,1,1,1,1,0,1,0,1,1,1,1,1,1,0,1,0,1,1,956,0.0,0,952,,7269,1,1,1,0,1,0,1,0,1,200.0,True
953,0,0,1,1,1,1,1,0,1,0,1,1,1,1,1,1,0,1,0,1,1,957,0.0,0,953,,7276,1,1,1,0,1,0,1,0,1,220.0,True
954,0,0,1,1,1,1,1,0,1,0,1,1,1,1,1,1,0,1,0,1,1,958,0.0,4,954,,7283,1,1,1,0,1,0,1,0,1,240.0,True
955,0,1,0,1,1,1,1,1,1,0,1,1,1,1,1,1,1,1,0,1,1,959,0.0,4,955,,7291,1,1,1,1,0,1,1,0,1,4060.0,True
956,0,0,1,1,1,1,1,0,1,0,1,1,1,1,1,1,0,1,0,1,1,96,0.0,1,956,,7298,1,1,1,0,1,0,1,0,1,4040.0,True
957,0,0,1,1,1,1,1,0,1,0,1,1,1,1,1,1,0,1,0,1,1,960,0.0,0,957,,7305,1,1,1,0,1,0,1,0,1,4080.0,True
958,0,1,0,1,1,1,1,1,1,0,1,1,1,1,1,1,1,1,0,1,1,961,0.0,0,958,,7313,1,1,1,1,0,1,1,0,1,260.0,True
959,0,0,1,1,1,1,1,0,1,0,1,1,1,1,1,1,0,1,0,1,1,962,0.0,0,959,,7320,1,1,1,0,1,0,1,0,1,220.0,True
960,0,1,0,1,1,1,1,1,1,0,1,1,1,1,1,1,1,1,0,1,1,963,0.0,0,960,,7328,1,1,1,1,0,1,1,0,1,4020.0,True
961,0,1,0,1,1,1,1,1,1,0,1,1,1,1,1,1,1,1,0,1,1,964,0.0,0,961,,7336,1,1,1,1,0,1,1,0,1,220.0,True
962,0,1,0,1,1,1,1,1,1,0,1,1,1,1,1,1,1,1,0,1,1,965,0.0,0,962,,7344,1,1,1,1,0,1,1,0,1,260.0,True
963,0,1,0,1,1,1,1,1,1,0,1,1,1,1,1,1,1,1,0,1,1,966,0.0,0,963,,7352,1,1,1,1,0,1,1,0,1,240.0,True
964,0,1,0,1,1,1,1,1,1,0,1,1,1,1,1,1,1,1,0,1,1,967,0.0,0,964,,7360,1,1,1,1,0,1,1,0,1,200.0,True
965,0,1,0,1,1,1,1,1,1,0,1,1,1,1,1,1,1,1,0,1,1,968,0.0,0,965,,7368,1,1,1,1,0,1,1,0,1,220.0,True
966,0,1,0,1,1,1,1,1,1,0,1,1,1,1,1,1,1,1,0,1,1,969,0.0,0,966,,7376,1,1,1,1,0,1,1,0,1,240.0,True
967,0,1,0,1,1,1,1,1,1,0,1,1,1,1,1,1,1,1,0,1,1,97,0.0,1,967,,7384,1,1,1,1,0,1,1,0,1,220.0,True
968,0,0,1,1,1,1,1,0,1,0,1,1,1,1,1,1,0,1,0,1,1,970,0.0,0,968,,7391,1,1,1,0,1,0,1,0,1,200.0,True
969,0,0,1,1,1,1,1,0,1,0,1,1,1,1,1,1,0,1,0,1,1,971,0.0,1,969,,7398,1,1,1,0,1,0,1,0,1,240.0,True
970,0,0,1,1,1,1,1,0,1,0,1,1,1,1,1,1,0,1,0,1,1,972,0.0,1,970,,7405,1,1,1,0,1,0,1,0,1,260.0,True
971,0,0,1,1,1,1,1,0,1,0,1,1,1,1,1,1,0,1,0,1,1,973,0.0,1,971,,7412,1,1,1,0,1,0,1,0,1,1180.0,True
972,0,0,1,1,1,1,1,0,1,0,1,1,1,1,1,1,0,1,0,1,1,974,0.0,0,972,,7419,1,1,1,0,1,0,1,0,1,1140.0,True
973,0,1,0,1,1,1,1,1,1,0,1,1,1,1,1,1,1,1,0,1,1,975,0.0,0,973,,7427,1,1,1,1,0,1,1,0,1,1180.0,True
974,0,0,1,1,1,1,1,0,1,0,1,1,1,1,1,1,0,1,0,1,1,976,0.0,1,974,,7434,1,1,1,0,1,0,1,0,1,260.0,True
975,0,1,0,1,1,1,1,1,1,0,1,1,1,1,1,1,1,1,0,1,1,977,0.0,1,975,,7442,1,1,1,1,0,1,1,0,1,240.0,True
976,0,1,0,1,1,1,1,1,1,0,1,1,1,1,1,1,1,1,0,1,1,978,0.0,1,976,,7450,1,1,1,1,0,1,1,0,1,1160.0,True
977,0,1,0,1,1,1,1,1,1,0,1,1,1,1,1,1,1,1,0,1,1,979,0.0,1,977,,7458,1,1,1,1,0,1,1,0,1,220.0,True
978,0,0,1,1,1,1,1,0,1,0,1,1,1,1,1,1,0,1,0,1,1,98,0.0,1,978,,7465,1,1,1,0,1,0,1,0,1,240.0,True
979,0,1,0,1,1,1,1,1,1,0,1,1,1,1,1,1,1,1,0,1,1,980,0.0,1,979,,7473,1,1,1,1,0,1,1,0,1,220.0,True
980,0,1,0,1,1,1,1,1,1,0,1,1,1,1,1,1,1,1,0,1,1,981,0.0,1,980,,7481,1,1,1,1,0,1,1,0,1,200.0,True
981,0,0,1,1,1,1,1,0,1,0,1,1,1,1,1,1,0,1,0,1,1,982,0.0,1,981,,7488,1,1,1,0,1,0,1,0,1,240.0,True
982,0,1,0,1,1,1,1,1,1,0,1,1,1,1,1,1,1,1,0,1,1,983,0.0,1,982,,7496,1,1,1,1,0,1,1,0,1,260.0,True
983,1,0,0,1,1,1,1,1,1,1,1,1,1,1,1,1,1,1,1,1,1,984,30.0,1,983,Inserted_Activity_resource,7505,1,1,1,1,0,1,1,1,1,220.0,True
984,0,1,0,1,1,1,1,1,1,0,1,1,1,1,1,1,1,1,0,1,1,985,0.0,1,984,,7513,1,1,1,1,0,1,1,0,1,210.0,True
985,0,0,1,1,1,1,1,0,1,0,1,1,1,1,1,1,0,1,0,1,1,986,0.0,1,985,,7520,1,1,1,0,1,0,1,0,1,220.0,True
986,0,0,1,1,1,1,1,0,1,0,1,1,1,1,1,1,0,1,0,1,1,987,0.0,2,986,,7527,1,1,1,0,1,0,1,0,1,260.0,True
987,0,0,1,1,1,1,1,0,1,0,1,1,1,1,1,1,0,1,0,1,1,988,0.0,2,987,,7534,1,1,1,0,1,0,1,0,1,1200.0,True
988,0,0,1,1,1,1,1,0,1,0,1,1,1,1,1,1,0,1,0,1,1,989,0.0,2,988,,7541,1,1,1,0,1,0,1,0,1,1160.0,True
989,0,1,0,1,1,1,1,1,1,0,1,1,1,1,1,1,1,1,0,1,1,99,0.0,1,989,,7549,1,1,1,1,0,1,1,0,1,1180.0,True
990,0,1,0,1,1,1,1,1,1,0,1,1,1,1,1,1,1,1,0,1,1,990,0.0,1,990,,7557,1,1,1,1,0,1,1,0,1,240.0,True
991,0,1,0,1,1,1,1,1,1,0,1,1,1,1,1,1,1,1,0,1,1,991,0.0,1,991,,7565,1,1,1,1,0,1,1,0,1,220.0,True
992,0,0,1,1,1,1,1,0,1,0,1,1,1,1,1,1,0,1,0,1,1,992,0.0,2,992,,7572,1,1,1,0,1,0,1,0,1,1160.0,True
993,0,1,0,1,1,1,1,1,1,0,1,1,1,1,1,1,1,1,0,1,1,993,0.0,2,993,,7580,1,1,1,1,0,1,1,0,1,240.0,True
994,0,0,1,1,1,1,1,0,1,0,1,1,1,1,1,1,0,1,0,1,1,994,0.0,2,994,,7587,1,1,1,0,1,0,1,0,1,260.0,True
995,0,1,0,1,1,1,1,1,1,0,1,1,1,1,1,1,1,1,0,1,1,995,0.0,2,995,,7595,1,1,1,1,0,1,1,0,1,220.0,True
996,1,0,0,1,1,1,1,1,1,1,1,1,1,1,1,1,1,1,1,1,1,996,30.0,2,996,Inserted_Activity_resource,7604,1,1,1,1,0,1,1,1,1,210.0,True
997,0,1,0,1,1,1,1,1,1,0,1,1,1,1,1,1,1,1,0,1,1,997,0.0,2,997,,7612,1,1,1,1,0,1,1,0,1,220.0,True
998,0,0,1,1,1,1,1,0,1,0,1,1,1,1,1,1,0,1,0,1,1,998,0.0,2,998,,7619,1,1,1,0,1,0,1,0,1,260.0,True
999,0,1,0,1,1,1,1,1,1,0,1,1,1,1,1,1,1,1,0,1,1,999,0.0,2,999,,7627,1,1,1,1,0,1,1,0,1,240.0,True
